Kod_stacji,Nazwa_stacji,Rok,Miesiac,Absolutna_temperatura_maksymalna,Srednia_temperatura_maksymalna,Absolutna_temperatura_minimalna,Srednia_temperatura_minimalna,Srednia_temperatura_miesieczna,Minimalna_temperatura_przy_gruncie,Miesieczna_suma_opadow,Maksymalna_dobowa_suma_opadow,Miesieczna_suma_uslonecznienia,Liczba_dni_z_opadem_deszczu
349190600,BIELSKO-BIA�A,2023,1,18.0,5.3,-6.2,1.0,3.1,-9.8,86.8,14.2,61.5,9
349190600,BIELSKO-BIA�A,2023,2,11.1,4.6,-14.1,-1.7,1.4,-18.7,49.9,13.3,0.0,9
349190600,BIELSKO-BIA�A,2023,3,18.6,10.1,-9.1,1.5,5.6,-13.9,38.0,6.8,0.0,11
349190600,BIELSKO-BIA�A,2023,4,20.9,11.7,-6.0,3.1,7.1,-7.3,56.1,10.7,146.2,13
349190600,BIELSKO-BIA�A,2023,5,23.9,17.3,0.6,7.3,12.4,-1.3,109.9,33.1,214.0,11
349190600,BIELSKO-BIA�A,2023,6,29.7,22.7,5.3,11.8,17.3,3.2,48.6,11.8,265.0,10
349190600,BIELSKO-BIA�A,2023,7,30.7,25.0,8.8,14.7,19.8,6.8,135.6,41.6,274.0,15
349190600,BIELSKO-BIA�A,2023,8,31.0,24.3,7.8,15.4,19.5,6.3,112.4,27.8,196.7,18
349190600,BIELSKO-BIA�A,2023,9,28.3,23.2,9.6,13.2,17.8,8.6,101.5,19.4,234.4,11
349190600,BIELSKO-BIA�A,2023,10,23.7,17.4,-0.4,8.5,12.9,-3.7,100.7,20.5,133.2,16
349190600,BIELSKO-BIA�A,2023,11,16.8,8.1,-6.0,3.0,5.4,-15.3,73.7,9.6,0.0,14
349190600,BIELSKO-BIA�A,2023,12,13.3,5.6,-7.1,0.2,3.1,-14.7,74.2,16.0,68.0,10
349190625,ZAKOPANE,2023,1,16.7,2.9,-9.9,-3.3,-0.4,-14.8,110.2,21.9,53.1,3
349190625,ZAKOPANE,2023,2,9.5,2.4,-17.7,-5.8,-2.1,-23.4,57.3,11.5,92.0,3
349190625,ZAKOPANE,2023,3,16.3,7.9,-11.8,-2.2,2.5,-17.6,37.1,11.2,164.3,8
349190625,ZAKOPANE,2023,4,17.5,8.5,-7.5,0.4,4.1,-8.3,80.1,17.9,101.8,13
349190625,ZAKOPANE,2023,5,21.5,15.7,-2.6,4.6,10.0,-5.1,113.7,26.5,211.6,14
349190625,ZAKOPANE,2023,6,26.3,19.4,2.3,9.2,14.2,0.2,147.9,41.6,189.1,13
349190625,ZAKOPANE,2023,7,29.0,22.8,6.5,11.7,16.9,5.3,172.5,39.5,228.4,17
349190625,ZAKOPANE,2023,8,29.1,23.3,6.6,12.7,17.4,5.0,188.3,28.9,204.7,17
349190625,ZAKOPANE,2023,9,25.7,21.0,6.0,9.8,14.9,3.3,129.7,37.1,222.8,11
349190625,ZAKOPANE,2023,10,23.0,15.6,-3.1,4.7,9.6,-7.2,112.4,27.5,139.8,12
349190625,ZAKOPANE,2023,11,14.5,5.6,-12.3,-1.4,2.0,-17.3,113.2,19.9,58.6,10
349190625,ZAKOPANE,2023,12,12.1,3.7,-13.3,-3.3,0.1,-19.9,34.5,7.6,55.1,3
349190650,KASPROWY WIERCH,2023,1,8.1,-2.3,-14.7,-7.5,-4.9,0.0,175.4,36.2,105.2,0
349190650,KASPROWY WIERCH,2023,2,4.2,-4.5,-19.0,-10.3,-7.5,0.0,136.3,40.6,109.4,0
349190650,KASPROWY WIERCH,2023,3,3.4,-2.2,-17.4,-7.7,-4.8,0.0,114.3,44.6,119.9,0
349190650,KASPROWY WIERCH,2023,4,4.5,-1.1,-15.9,-5.9,-3.7,0.0,159.8,23.1,84.1,0
349190650,KASPROWY WIERCH,2023,5,11.3,5.7,-5.7,0.6,3.1,0.0,117.7,23.6,219.5,8
349190650,KASPROWY WIERCH,2023,6,17.9,10.2,-3.6,4.4,6.9,0.0,180.2,47.8,123.6,14
349190650,KASPROWY WIERCH,2023,7,20.3,13.6,0.4,7.1,9.8,0.0,123.8,28.7,186.9,16
349190650,KASPROWY WIERCH,2023,8,19.8,14.5,0.6,8.5,11.2,0.0,241.6,55.0,181.1,16
349190650,KASPROWY WIERCH,2023,9,17.4,12.0,1.8,6.6,9.1,0.0,142.9,30.2,199.3,12
349190650,KASPROWY WIERCH,2023,10,12.9,6.6,-8.4,0.3,3.2,0.0,155.1,34.4,121.6,10
349190650,KASPROWY WIERCH,2023,11,4.2,-2.7,-15.9,-7.3,-5.1,0.0,198.8,38.0,44.3,2
349190650,KASPROWY WIERCH,2023,12,5.8,-2.1,-16.0,-7.5,-4.9,0.0,75.7,11.6,51.6,1
349200628,HALA G�SIENICOWA,2023,1,13.9,0.9,-13.2,-4.9,-2.3,-16.8,137.1,29.2,70.0,1
349200628,HALA G�SIENICOWA,2023,2,7.4,-1.4,-18.7,-8.3,-4.9,-22.2,104.2,16.1,83.7,1
349200628,HALA G�SIENICOWA,2023,3,8.7,2.3,-15.0,-4.9,-1.3,-19.7,101.1,29.1,116.8,2
349200628,HALA G�SIENICOWA,2023,4,9.6,2.6,-14.3,-3.1,-0.5,-13.9,155.7,19.8,81.4,4
349200628,HALA G�SIENICOWA,2023,5,16.7,10.0,-3.9,2.5,6.1,-6.4,153.2,26.5,186.8,10
349200628,HALA G�SIENICOWA,2023,6,21.8,13.5,-0.9,6.4,9.8,-2.5,217.3,49.2,132.8,16
349200628,HALA G�SIENICOWA,2023,7,23.3,17.1,3.0,9.3,12.9,2.2,148.2,39.4,175.2,21
349200628,HALA G�SIENICOWA,2023,8,23.5,18.0,3.3,10.3,14.1,1.5,268.4,57.0,169.8,17
349200628,HALA G�SIENICOWA,2023,9,20.8,15.3,3.7,8.2,11.5,0.7,174.6,38.0,178.0,11
349200628,HALA G�SIENICOWA,2023,10,17.8,10.7,-5.9,3.2,6.6,-7.9,199.5,49.8,107.0,12
349200628,HALA G�SIENICOWA,2023,11,8.6,1.0,-12.8,-4.2,-1.7,-16.1,214.1,38.2,29.6,1
349200628,HALA G�SIENICOWA,2023,12,9.9,1.4,-15.6,-4.7,-1.4,-19.5,83.5,18.5,32.5,1
349200660,NOWY S�CZ,2023,1,14.4,5.4,-4.7,0.2,2.6,0.0,78.2,14.3,51.3,11
349200660,NOWY S�CZ,2023,2,11.8,5.2,-12.5,-1.8,1.4,-18.0,40.2,12.8,80.5,14
349200660,NOWY S�CZ,2023,3,20.5,11.7,-6.5,0.5,5.6,-11.6,37.8,8.5,175.9,15
349200660,NOWY S�CZ,2023,4,22.2,12.7,-2.7,3.2,7.6,-5.0,65.8,14.4,140.9,14
349200660,NOWY S�CZ,2023,5,25.5,18.7,-0.6,6.6,12.7,-2.0,46.3,20.1,226.4,8
349200660,NOWY S�CZ,2023,6,30.4,23.0,3.9,11.9,17.1,2.0,69.3,13.2,221.6,13
349200660,NOWY S�CZ,2023,7,32.3,26.2,10.2,14.1,19.7,9.2,162.4,36.1,261.7,14
349200660,NOWY S�CZ,2023,8,32.4,26.6,9.4,15.4,20.1,8.1,161.8,32.7,234.4,15
349200660,NOWY S�CZ,2023,9,29.6,23.9,8.0,12.0,17.3,6.4,79.4,19.8,236.3,9
349200660,NOWY S�CZ,2023,10,25.4,17.6,-1.0,7.7,12.1,-4.1,77.6,20.8,152.8,13
349200660,NOWY S�CZ,2023,11,16.1,8.3,-8.7,1.6,4.8,-14.4,55.9,6.2,69.7,19
349200660,NOWY S�CZ,2023,12,13.6,4.9,-11.9,-1.5,1.5,-17.2,41.7,10.3,69.5,11
349210670,KROSNO,2023,1,13.8,4.2,-3.4,1.1,2.5,-3.7,94.2,16.6,21.0,8
349210670,KROSNO,2023,2,10.2,3.1,-11.6,-2.0,0.4,-17.4,57.4,10.9,63.7,5
349210670,KROSNO,2023,3,17.7,9.8,-6.0,1.2,5.1,-6.6,51.2,14.8,168.4,11
349210670,KROSNO,2023,4,21.1,12.3,-3.1,3.7,7.6,-3.3,34.8,6.9,146.4,11
349210670,KROSNO,2023,5,25.0,18.1,1.4,7.8,13.0,-0.8,36.7,22.9,244.2,11
349210670,KROSNO,2023,6,27.9,21.8,4.8,12.2,16.7,3.4,134.8,49.4,216.3,16
349210670,KROSNO,2023,7,31.4,24.8,10.7,14.6,19.6,10.1,99.2,50.0,266.8,11
349210670,KROSNO,2023,8,31.2,25.7,9.8,15.6,20.2,9.2,94.2,18.9,228.4,14
349210670,KROSNO,2023,9,27.5,22.9,8.7,12.9,17.6,8.1,69.5,18.9,244.2,9
349210670,KROSNO,2023,10,22.2,15.9,-0.8,8.5,11.9,-1.7,97.6,32.8,139.5,16
349210670,KROSNO,2023,11,16.6,6.8,-7.0,2.2,4.2,-11.7,83.0,9.9,44.0,12
349210670,KROSNO,2023,12,11.5,3.1,-7.0,-0.7,1.1,-11.2,56.1,14.8,50.3,5
349220690,LESKO,2023,1,13.8,4.4,-4.2,0.8,2.4,-4.6,84.3,15.9,28.6,10
349220690,LESKO,2023,2,8.8,2.8,-12.8,-2.5,0.0,-16.2,66.3,10.6,65.8,4
349220690,LESKO,2023,3,16.8,9.3,-6.4,0.5,4.5,-8.1,83.8,20.7,169.5,11
349220690,LESKO,2023,4,19.6,11.4,-3.1,2.7,6.7,-2.9,75.0,17.9,114.5,11
349220690,LESKO,2023,5,24.3,18.0,0.6,7.2,12.5,0.4,41.6,14.1,215.1,12
349220690,LESKO,2023,6,28.2,21.3,4.1,11.5,16.1,3.1,97.7,17.8,190.9,16
349220690,LESKO,2023,7,30.0,24.3,8.5,13.5,18.8,7.5,103.9,35.0,236.6,16
349220690,LESKO,2023,8,30.7,25.6,8.6,15.0,19.7,8.1,75.8,19.9,222.9,17
349220690,LESKO,2023,9,27.8,22.8,7.4,11.9,16.8,6.5,55.4,13.2,235.0,13
349220690,LESKO,2023,10,21.6,15.9,-1.9,7.9,11.8,-4.3,73.0,25.6,128.4,15
349220690,LESKO,2023,11,17.7,6.9,-8.0,1.9,4.2,-11.9,70.2,10.4,43.5,13
349220690,LESKO,2023,12,10.7,3.4,-7.0,-0.8,1.3,-9.6,71.1,18.0,50.4,7
350150500,JELENIA G�RA,2023,1,17.7,5.7,-8.9,-0.8,2.7,-11.3,34.3,11.9,51.7,8
350150500,JELENIA G�RA,2023,2,13.5,6.0,-14.0,-2.8,1.1,-16.1,51.3,11.9,94.0,7
350150500,JELENIA G�RA,2023,3,17.8,10.1,-10.5,-0.5,4.5,-12.8,30.0,3.5,153.6,11
350150500,JELENIA G�RA,2023,4,20.8,11.3,-7.4,1.2,6.0,-9.1,60.3,33.3,164.0,13
350150500,JELENIA G�RA,2023,5,23.4,17.5,-2.1,4.8,11.6,-4.1,29.1,8.5,297.5,10
350150500,JELENIA G�RA,2023,6,30.5,23.2,-0.2,8.5,16.2,-3.5,67.7,16.3,281.3,16
350150500,JELENIA G�RA,2023,7,33.1,25.5,5.6,11.3,18.7,4.7,62.6,25.3,305.2,15
350150500,JELENIA G�RA,2023,8,31.6,24.1,6.4,12.8,18.0,5.0,168.2,47.2,225.0,18
350150500,JELENIA G�RA,2023,9,29.3,23.7,3.7,8.5,15.6,3.2,23.4,11.1,272.5,9
350150500,JELENIA G�RA,2023,10,25.8,16.6,-2.4,6.0,11.1,-2.6,58.6,10.9,120.3,21
350150500,JELENIA G�RA,2023,11,14.8,8.1,-14.3,0.8,4.5,-20.2,69.6,19.3,73.3,16
350150500,JELENIA G�RA,2023,12,11.7,5.8,-16.3,-2.3,1.9,-22.0,57.8,14.8,63.2,7
350150510,�NIE�KA,2023,1,7.7,-2.6,-12.1,-6.2,-4.5,0.0,106.1,13.4,43.5,7
350150510,�NIE�KA,2023,2,8.0,-2.9,-14.5,-7.6,-5.2,0.0,47.7,11.9,99.7,3
350150510,�NIE�KA,2023,3,6.3,-0.4,-13.1,-5.6,-3.2,0.0,130.7,16.5,0.0,4
350150510,�NIE�KA,2023,4,7.7,0.1,-12.2,-4.3,-2.4,0.0,79.4,14.7,103.3,9
350150510,�NIE�KA,2023,5,12.9,6.4,-4.0,1.1,3.6,0.0,51.7,14.1,229.1,11
350150510,�NIE�KA,2023,6,18.7,11.4,-1.2,6.2,8.3,0.0,73.6,11.1,201.1,17
350150510,�NIE�KA,2023,7,21.2,13.9,1.8,7.9,10.5,0.0,69.7,10.5,268.6,20
350150510,�NIE�KA,2023,8,20.3,13.4,1.2,8.7,10.7,0.0,197.6,54.3,171.3,22
350150510,�NIE�KA,2023,9,18.4,12.9,2.4,7.8,10.1,0.0,21.7,6.9,203.5,14
350150510,�NIE�KA,2023,10,13.9,7.2,-5.1,1.8,4.2,0.0,111.6,11.9,79.6,21
350150510,�NIE�KA,2023,11,5.5,-2.1,-13.6,-5.7,-3.9,0.0,133.7,13.2,18.3,6
350150510,�NIE�KA,2023,12,7.8,-2.0,-13.0,-6.2,-4.0,0.0,157.4,18.6,31.9,7
350160520,K�ODZKO,2023,1,16.3,4.5,-6.5,0.4,2.5,-8.0,13.1,2.0,42.6,9
350160520,K�ODZKO,2023,2,11.2,4.6,-12.0,-1.4,1.3,-12.6,13.6,4.1,79.3,4
350160520,K�ODZKO,2023,3,17.7,9.3,-7.0,1.2,4.9,-8.0,17.2,2.8,125.7,8
350160520,K�ODZKO,2023,4,19.0,10.8,-7.3,2.3,6.3,-8.6,62.2,12.2,123.2,14
350160520,K�ODZKO,2023,5,22.2,16.8,-0.8,5.6,11.3,-3.3,33.8,11.5,218.4,9
350160520,K�ODZKO,2023,6,29.9,22.8,1.8,9.6,16.2,-0.7,59.1,12.9,250.8,15
350160520,K�ODZKO,2023,7,31.5,25.4,6.5,12.3,18.8,5.1,81.4,27.6,266.9,17
350160520,K�ODZKO,2023,8,31.6,24.3,5.9,13.9,18.8,4.0,148.7,52.5,198.0,17
350160520,K�ODZKO,2023,9,28.8,23.5,5.6,10.3,16.5,4.3,38.6,18.4,247.4,7
350160520,K�ODZKO,2023,10,23.6,15.9,-1.6,7.5,11.3,-3.3,47.7,8.6,121.8,15
350160520,K�ODZKO,2023,11,13.8,7.1,-15.8,1.8,4.4,-19.2,62.6,28.1,52.3,12
350160520,K�ODZKO,2023,12,10.6,4.8,-15.3,-0.3,2.4,-20.4,35.2,7.5,35.6,10
350170530,OPOLE,2023,1,14.7,5.9,-5.3,1.2,3.5,-6.6,39.7,5.6,58.9,6
350170530,OPOLE,2023,2,11.7,5.9,-9.6,-0.4,2.4,-9.3,45.3,11.8,63.3,10
350170530,OPOLE,2023,3,19.0,10.7,-6.6,2.1,5.9,-7.5,28.8,4.1,125.0,13
350170530,OPOLE,2023,4,22.5,13.0,-5.4,3.9,8.0,-7.4,50.7,7.2,148.5,14
350170530,OPOLE,2023,5,26.3,19.2,0.0,7.8,13.5,-1.1,62.4,25.4,250.7,8
350170530,OPOLE,2023,6,31.1,24.9,5.7,12.3,18.6,3.6,68.6,27.8,292.2,11
350170530,OPOLE,2023,7,33.4,27.2,8.7,14.6,20.7,8.0,48.2,7.4,284.8,16
350170530,OPOLE,2023,8,33.3,25.9,8.8,15.5,20.2,7.7,131.1,28.8,231.3,17
350170530,OPOLE,2023,9,31.3,24.8,9.0,12.6,18.2,8.0,34.3,11.4,257.2,6
350170530,OPOLE,2023,10,25.2,17.0,-1.4,8.4,12.4,-1.5,91.6,16.3,118.8,20
350170530,OPOLE,2023,11,17.0,8.5,-5.2,3.0,5.6,-4.5,109.9,34.6,71.5,12
350170530,OPOLE,2023,12,11.9,5.8,-12.6,0.1,2.9,-16.1,38.7,6.8,48.6,7
350180540,RACIB�RZ,2023,1,14.3,5.7,-3.9,1.5,3.5,-6.3,23.8,4.6,62.0,10
350180540,RACIB�RZ,2023,2,12.5,5.7,-8.5,-0.4,2.3,-10.7,21.8,7.4,70.3,9
350180540,RACIB�RZ,2023,3,20.3,10.9,-4.8,1.8,5.8,-8.6,15.5,4.0,139.9,8
350180540,RACIB�RZ,2023,4,21.4,12.5,-4.7,3.5,7.7,-7.5,48.6,8.1,155.4,13
350180540,RACIB�RZ,2023,5,25.6,18.6,0.0,7.5,13.2,-2.4,57.3,33.2,249.3,7
350180540,RACIB�RZ,2023,6,30.8,24.1,6.0,11.9,18.0,4.0,55.3,18.1,296.6,8
350180540,RACIB�RZ,2023,7,32.7,26.7,8.5,13.8,20.1,6.0,55.1,15.7,279.1,16
350180540,RACIB�RZ,2023,8,32.2,25.4,7.9,14.9,19.9,5.4,80.6,17.6,224.6,17
350180540,RACIB�RZ,2023,9,30.3,24.5,8.1,12.4,18.0,6.0,59.9,36.8,247.3,8
350180540,RACIB�RZ,2023,10,24.7,17.5,-1.0,8.3,12.6,-3.8,64.6,14.1,148.3,14
350180540,RACIB�RZ,2023,11,17.6,8.4,-5.5,2.8,5.4,-8.5,62.7,16.1,84.1,14
350180540,RACIB�RZ,2023,12,11.9,5.3,-16.7,-0.5,2.6,-20.7,38.6,9.3,52.0,9
350190550,CZ�STOCHOWA,2023,1,14.9,4.8,-5.2,1.1,2.6,-6.1,42.1,9.8,49.2,11
350190550,CZ�STOCHOWA,2023,2,10.2,4.1,-10.7,-1.3,1.1,-15.4,55.4,16.2,65.7,11
350190550,CZ�STOCHOWA,2023,3,19.2,9.7,-6.5,1.0,4.8,-9.4,30.7,4.8,130.8,14
350190550,CZ�STOCHOWA,2023,4,22.2,12.5,-5.3,3.7,7.7,-7.8,47.8,12.2,144.0,12
350190550,CZ�STOCHOWA,2023,5,24.4,18.2,1.0,7.9,13.0,-2.5,52.4,15.9,251.5,7
350190550,CZ�STOCHOWA,2023,6,30.4,23.7,4.5,12.7,17.9,3.8,63.8,12.1,274.3,12
350190550,CZ�STOCHOWA,2023,7,31.6,25.8,8.4,14.6,19.9,7.5,89.0,61.1,271.3,12
350190550,CZ�STOCHOWA,2023,8,32.2,24.9,9.4,15.6,19.9,8.2,110.8,32.2,205.7,18
350190550,CZ�STOCHOWA,2023,9,29.4,23.7,9.5,13.2,18.1,7.6,24.5,7.8,248.1,11
350190550,CZ�STOCHOWA,2023,10,25.0,15.8,0.0,7.9,11.3,-2.0,85.6,20.5,117.6,18
350190550,CZ�STOCHOWA,2023,11,0.0,0.0,0.0,0.0,4.2,0.0,72.4,13.9,0.0,19
350190550,CZ�STOCHOWA,2023,12,10.0,3.9,-7.9,-0.3,1.7,-14.9,80.1,11.9,0.0,20
350190560,KATOWICE-MUCHOWIEC,2023,1,16.0,5.3,-4.1,0.5,2.9,-7.3,60.4,7.3,44.1,9
350190560,KATOWICE-MUCHOWIEC,2023,2,11.3,4.8,-12.5,-1.8,1.3,-13.2,70.6,14.2,65.3,8
350190560,KATOWICE-MUCHOWIEC,2023,3,19.3,10.6,-7.1,0.6,5.4,-8.2,34.8,5.6,132.2,11
350190560,KATOWICE-MUCHOWIEC,2023,4,22.0,12.8,-6.4,3.3,7.9,-7.0,41.0,8.8,147.4,16
350190560,KATOWICE-MUCHOWIEC,2023,5,24.3,18.3,-0.3,7.0,13.0,-2.0,77.5,34.1,232.4,8
350190560,KATOWICE-MUCHOWIEC,2023,6,29.7,23.7,5.1,11.6,17.7,2.4,91.8,24.7,264.3,12
350190560,KATOWICE-MUCHOWIEC,2023,7,31.6,25.9,8.4,14.1,19.8,6.3,66.8,22.5,0.0,13
350190560,KATOWICE-MUCHOWIEC,2023,8,31.4,25.1,7.8,15.0,19.7,5.7,96.8,30.9,207.1,17
350190560,KATOWICE-MUCHOWIEC,2023,9,29.6,23.9,8.4,12.1,17.5,6.1,43.9,16.0,238.6,11
350190560,KATOWICE-MUCHOWIEC,2023,10,24.7,16.6,-2.3,7.1,11.7,-4.8,80.1,17.2,131.4,16
350190560,KATOWICE-MUCHOWIEC,2023,11,17.2,7.8,-6.4,2.0,4.8,-9.9,82.1,17.0,57.2,16
350190560,KATOWICE-MUCHOWIEC,2023,12,10.9,4.9,-7.9,-0.3,2.3,-13.3,83.5,13.0,40.4,10
350190566,KRAK�W-BALICE,2023,1,15.3,5.5,-4.3,-0.1,2.5,-5.8,49.0,7.6,0.0,9
350190566,KRAK�W-BALICE,2023,2,11.0,4.8,-13.9,-1.8,1.4,-15.9,49.6,13.9,0.0,10
350190566,KRAK�W-BALICE,2023,3,21.1,10.8,-6.3,0.8,5.4,-9.2,22.4,5.6,0.0,11
350190566,KRAK�W-BALICE,2023,4,22.5,12.5,-5.2,3.3,8.0,-7.8,43.0,7.9,0.0,14
350190566,KRAK�W-BALICE,2023,5,23.8,18.0,0.4,7.3,12.9,-2.0,76.0,18.9,0.0,11
350190566,KRAK�W-BALICE,2023,6,30.3,23.6,5.9,11.8,17.8,3.0,48.4,19.0,0.0,12
350190566,KRAK�W-BALICE,2023,7,32.1,26.3,9.8,14.4,20.2,7.0,81.1,24.9,0.0,13
350190566,KRAK�W-BALICE,2023,8,31.8,25.7,8.5,15.5,20.1,7.0,100.8,23.2,0.0,15
350190566,KRAK�W-BALICE,2023,9,29.2,24.0,8.7,12.5,17.7,6.5,86.6,37.1,0.0,10
350190566,KRAK�W-BALICE,2023,10,26.2,17.0,-1.3,6.8,11.5,-3.5,67.6,16.0,0.0,13
350190566,KRAK�W-BALICE,2023,11,17.9,8.2,-9.9,1.6,4.7,-12.0,72.9,11.9,0.0,16
350190566,KRAK�W-BALICE,2023,12,12.2,4.8,-8.4,-0.8,2.0,-11.5,54.3,12.1,0.0,9
350200570,KIELCE-SUK�W,2023,1,15.4,4.6,-3.2,-0.1,2.0,-4.5,44.3,6.6,25.4,10
350200570,KIELCE-SUK�W,2023,2,10.1,3.7,-13.9,-2.5,0.6,-14.7,50.7,12.1,69.6,6
350200570,KIELCE-SUK�W,2023,3,19.3,9.4,-8.4,-0.7,4.0,-8.2,38.5,8.1,112.1,13
350200570,KIELCE-SUK�W,2023,4,20.9,12.6,-6.9,2.7,7.5,-7.2,52.5,11.0,159.0,14
350200570,KIELCE-SUK�W,2023,5,23.5,18.1,-1.7,6.6,12.6,-2.7,68.1,20.4,261.5,7
350200570,KIELCE-SUK�W,2023,6,29.2,23.1,3.7,10.7,17.0,1.8,43.4,22.3,240.9,11
350200570,KIELCE-SUK�W,2023,7,33.1,26.3,7.6,12.7,19.3,6.8,77.6,17.4,255.0,15
350200570,KIELCE-SUK�W,2023,8,32.1,25.8,6.8,14.5,19.6,5.9,90.1,16.5,223.9,16
350200570,KIELCE-SUK�W,2023,9,29.1,23.8,7.3,11.3,17.1,6.1,33.2,13.5,254.4,11
350200570,KIELCE-SUK�W,2023,10,24.2,16.0,-2.4,6.3,10.6,-3.0,78.4,15.7,121.4,17
350200570,KIELCE-SUK�W,2023,11,14.8,6.7,-10.7,-0.1,3.4,-14.7,59.9,7.8,47.1,15
350200570,KIELCE-SUK�W,2023,12,11.0,3.9,-12.4,-1.3,1.2,-15.5,54.1,10.8,40.8,10
350200575,TARN�W,2023,1,15.1,5.7,-3.2,1.2,3.3,-5.0,72.6,14.1,36.4,10
350200575,TARN�W,2023,2,11.2,5.4,-11.2,-1.2,2.0,-14.4,36.3,7.9,69.2,11
350200575,TARN�W,2023,3,22.1,11.5,-7.2,1.6,6.1,-8.4,29.3,5.8,145.4,14
350200575,TARN�W,2023,4,23.1,13.4,-4.0,3.5,8.4,-5.6,59.0,9.8,158.5,13
350200575,TARN�W,2023,5,26.0,19.3,-0.4,7.5,13.5,-0.9,72.3,32.0,250.1,10
350200575,TARN�W,2023,6,30.1,23.8,4.2,12.3,17.9,2.7,39.2,13.1,238.1,13
350200575,TARN�W,2023,7,33.4,26.9,10.9,14.9,20.6,10.1,150.5,38.5,274.0,15
350200575,TARN�W,2023,8,32.8,27.1,8.5,15.8,20.7,8.1,128.6,28.6,224.0,15
350200575,TARN�W,2023,9,29.9,24.3,8.6,12.7,17.9,7.6,90.3,20.8,208.5,10
350200575,TARN�W,2023,10,0.0,0.0,0.0,0.0,12.6,0.0,46.8,12.7,0.0,15
350200575,TARN�W,2023,11,16.0,8.3,-9.2,1.8,5.1,-13.8,64.9,15.7,53.7,16
350200575,TARN�W,2023,12,13.2,5.4,-10.6,-0.4,2.5,-13.7,0.0,0.0,56.0,0
350210585,SANDOMIERZ,2023,1,12.9,4.5,-2.7,0.9,2.4,-3.4,60.9,14.9,29.8,16
350210585,SANDOMIERZ,2023,2,9.9,3.9,-10.5,-1.5,1.0,-13.1,36.0,10.4,92.7,12
350210585,SANDOMIERZ,2023,3,19.7,9.8,-5.0,0.8,4.9,-6.1,31.5,5.7,135.2,14
350210585,SANDOMIERZ,2023,4,21.8,13.0,-4.1,4.2,8.3,-4.9,45.1,10.8,170.6,12
350210585,SANDOMIERZ,2023,5,23.9,18.6,1.5,7.9,13.2,-0.5,70.0,32.4,269.3,10
350210585,SANDOMIERZ,2023,6,28.8,22.9,4.7,12.4,17.6,3.8,36.7,13.2,254.1,14
350210585,SANDOMIERZ,2023,7,32.4,26.0,11.3,14.9,20.2,10.2,140.2,60.6,299.4,14
350210585,SANDOMIERZ,2023,8,32.0,26.0,10.4,16.2,20.5,8.5,88.8,25.2,241.6,15
350210585,SANDOMIERZ,2023,9,28.2,23.6,9.0,13.2,18.0,8.0,32.6,16.3,262.5,7
350210585,SANDOMIERZ,2023,10,23.1,16.2,-0.8,7.6,11.3,-3.0,66.5,18.8,140.3,18
350210585,SANDOMIERZ,2023,11,15.0,7.1,-10.8,0.9,3.8,-18.1,55.2,7.8,71.8,16
350210585,SANDOMIERZ,2023,12,11.7,3.6,-10.2,-0.9,1.3,-13.9,29.0,10.5,45.5,12
350220580,RZESZ�W-JASIONKA,2023,1,15.3,5.2,-2.7,1.2,3.1,-6.8,79.8,11.2,0.0,13
350220580,RZESZ�W-JASIONKA,2023,2,11.6,4.5,-11.3,-1.5,1.5,-12.6,45.9,10.4,0.0,7
350220580,RZESZ�W-JASIONKA,2023,3,19.6,10.7,-6.7,0.9,5.5,-9.0,52.1,17.4,0.0,9
350220580,RZESZ�W-JASIONKA,2023,4,22.2,13.3,-3.0,3.4,8.3,-4.5,45.4,11.2,0.0,11
350220580,RZESZ�W-JASIONKA,2023,5,24.2,18.9,-0.6,7.1,13.2,-2.0,46.6,14.8,0.0,9
350220580,RZESZ�W-JASIONKA,2023,6,28.7,23.1,3.8,12.0,17.4,1.7,51.2,11.0,0.0,14
350220580,RZESZ�W-JASIONKA,2023,7,34.0,27.0,11.0,14.6,20.7,10.0,63.4,22.0,0.0,12
350220580,RZESZ�W-JASIONKA,2023,8,32.3,27.2,9.0,15.7,20.8,7.5,70.7,12.8,0.0,13
350220580,RZESZ�W-JASIONKA,2023,9,29.4,24.2,7.9,12.1,17.7,5.0,48.4,10.7,0.0,11
350220580,RZESZ�W-JASIONKA,2023,10,23.2,17.0,-2.2,7.8,12.1,-4.0,81.2,35.1,0.0,14
350220580,RZESZ�W-JASIONKA,2023,11,16.4,7.5,-13.2,1.3,4.5,-15.0,69.5,8.3,0.0,13
350220580,RZESZ�W-JASIONKA,2023,12,12.5,4.0,-9.3,-0.5,1.8,-11.3,60.5,20.4,0.0,8
350230595,ZAMO��,2023,1,13.7,4.7,-2.4,0.9,2.4,-3.1,64.4,12.4,0.0,12
350230595,ZAMO��,2023,2,8.6,3.1,-12.8,-2.3,0.5,-18.0,29.2,8.2,0.0,7
350230595,ZAMO��,2023,3,18.4,9.6,-6.2,0.5,4.7,-7.7,44.1,14.3,0.0,12
350230595,ZAMO��,2023,4,20.6,12.6,-3.6,3.4,7.8,-5.4,45.7,16.4,0.0,13
350230595,ZAMO��,2023,5,23.8,18.3,-1.3,6.0,12.4,-2.6,61.6,43.1,0.0,9
350230595,ZAMO��,2023,6,28.0,22.1,2.3,11.2,16.7,1.1,81.2,21.3,0.0,15
350230595,ZAMO��,2023,7,33.2,26.0,9.9,13.7,19.8,8.8,108.3,33.5,0.0,13
350230595,ZAMO��,2023,8,31.8,27.2,8.5,15.2,20.7,7.3,57.0,13.7,0.0,11
350230595,ZAMO��,2023,9,28.9,23.8,6.1,11.5,17.2,4.7,25.2,7.0,0.0,13
350230595,ZAMO��,2023,10,23.3,16.3,-2.5,7.5,11.5,-5.0,79.1,39.1,0.0,16
350230595,ZAMO��,2023,11,16.0,6.9,-9.7,1.1,3.8,-15.4,46.8,8.8,0.0,10
350230595,ZAMO��,2023,12,10.4,2.9,-16.6,-1.4,1.0,-20.0,47.0,16.2,0.0,11
351150400,ZIELONA G�RA,2023,1,16.1,4.9,-4.3,1.3,3.0,-8.2,59.7,10.8,29.6,11
351150400,ZIELONA G�RA,2023,2,11.4,5.9,-6.2,-0.2,2.3,-9.6,48.9,15.1,94.0,10
351150400,ZIELONA G�RA,2023,3,17.1,9.3,-3.3,2.0,5.0,-6.5,53.6,11.0,107.3,10
351150400,ZIELONA G�RA,2023,4,20.2,11.8,-3.2,4.3,7.7,-4.7,50.6,11.2,138.3,15
351150400,ZIELONA G�RA,2023,5,25.4,18.5,3.4,8.8,13.6,2.1,29.3,10.0,309.1,6
351150400,ZIELONA G�RA,2023,6,30.5,24.4,6.7,14.3,19.0,6.0,48.3,27.4,258.0,8
351150400,ZIELONA G�RA,2023,7,33.8,26.0,10.2,15.3,20.4,9.3,53.3,17.6,288.9,15
351150400,ZIELONA G�RA,2023,8,32.7,24.2,10.3,15.8,19.6,9.8,114.6,23.2,224.4,14
351150400,ZIELONA G�RA,2023,9,29.5,24.0,9.0,13.9,18.7,8.4,28.4,16.4,277.8,5
351150400,ZIELONA G�RA,2023,10,26.4,15.1,3.1,8.6,11.5,-1.4,86.8,16.8,92.4,22
351150400,ZIELONA G�RA,2023,11,14.5,7.7,-5.5,2.4,4.7,-9.8,69.7,17.7,69.7,15
351150400,ZIELONA G�RA,2023,12,10.6,4.8,-7.6,0.9,2.7,-12.9,90.0,12.7,27.9,13
351160415,LEGNICA,2023,1,18.4,6.5,-3.4,1.6,4.2,-5.4,21.9,4.6,47.3,15
351160415,LEGNICA,2023,2,13.3,6.6,-8.0,0.3,3.2,-9.6,34.0,10.5,85.0,11
351160415,LEGNICA,2023,3,19.2,10.7,-5.9,2.2,6.0,-7.8,34.8,10.0,130.3,15
351160415,LEGNICA,2023,4,20.5,12.5,-4.1,3.8,7.9,-7.0,35.8,8.5,148.1,12
351160415,LEGNICA,2023,5,25.4,18.5,0.4,6.4,12.9,-1.8,35.3,13.7,291.0,6
351160415,LEGNICA,2023,6,30.7,24.5,2.6,11.2,18.1,0.4,57.6,17.8,276.0,13
351160415,LEGNICA,2023,7,34.4,27.2,9.6,13.9,20.6,7.4,41.8,12.1,291.0,15
351160415,LEGNICA,2023,8,33.6,25.6,9.1,15.3,20.1,7.4,135.1,34.2,223.4,20
351160415,LEGNICA,2023,9,30.4,25.0,7.8,12.0,18.2,5.6,13.5,4.0,278.8,5
351160415,LEGNICA,2023,10,29.3,17.1,-0.8,8.8,12.6,-3.4,53.1,10.3,127.4,20
351160415,LEGNICA,2023,11,15.7,9.1,-10.0,2.9,5.8,-14.7,66.9,18.5,75.1,15
351160415,LEGNICA,2023,12,12.6,6.4,-12.1,0.5,3.5,-19.2,46.4,9.1,55.5,18
351160418,LESZNO,2023,1,16.9,5.7,-4.7,1.2,3.4,-7.0,37.8,6.2,35.5,12
351160418,LESZNO,2023,2,12.0,5.9,-9.0,-0.5,2.5,-11.8,43.8,15.6,87.0,10
351160418,LESZNO,2023,3,0.0,0.0,0.0,0.0,5.0,0.0,36.0,6.4,0.0,15
351160418,LESZNO,2023,4,20.5,12.7,-5.2,3.1,7.7,-9.0,31.2,6.6,145.5,14
351160418,LESZNO,2023,5,24.5,18.7,0.8,6.9,13.2,-3.4,23.8,9.3,295.5,7
351160418,LESZNO,2023,6,31.2,24.8,2.7,11.0,18.3,-0.7,62.6,27.8,275.7,8
351160418,LESZNO,2023,7,34.5,26.9,7.1,12.9,20.1,5.2,36.4,9.1,283.8,15
351160418,LESZNO,2023,8,33.3,24.9,8.3,15.0,19.7,5.9,145.9,39.7,222.9,18
351160418,LESZNO,2023,9,30.1,24.7,5.3,11.4,17.9,2.7,11.6,6.0,284.7,3
351160418,LESZNO,2023,10,27.7,15.8,-1.4,7.8,11.5,-4.7,101.3,29.2,89.3,21
351160418,LESZNO,2023,11,15.4,8.4,-6.3,2.6,5.2,-9.7,70.2,24.6,76.9,18
351160418,LESZNO,2023,12,11.6,5.1,-12.3,0.6,2.9,-17.1,70.9,10.2,33.7,17
351160424,WROC�AW-STRACHOWICE,2023,1,18.0,6.7,-5.6,1.4,4.0,-7.7,23.8,3.5,58.0,10
351160424,WROC�AW-STRACHOWICE,2023,2,13.3,6.7,-9.6,-0.4,2.9,-11.5,33.7,10.2,74.0,8
351160424,WROC�AW-STRACHOWICE,2023,3,19.2,11.1,-6.8,1.8,6.0,-9.3,28.7,8.1,134.4,12
351160424,WROC�AW-STRACHOWICE,2023,4,21.2,13.0,-4.7,3.8,8.3,-7.8,39.8,11.6,161.9,12
351160424,WROC�AW-STRACHOWICE,2023,5,26.1,19.5,0.0,7.6,13.9,-3.1,24.3,7.8,281.3,6
351160424,WROC�AW-STRACHOWICE,2023,6,32.2,25.6,5.0,12.3,19.1,0.9,71.8,25.6,278.6,13
351160424,WROC�AW-STRACHOWICE,2023,7,34.4,27.6,10.1,14.5,21.1,7.0,41.9,8.0,279.2,14
351160424,WROC�AW-STRACHOWICE,2023,8,33.2,25.8,9.1,15.6,20.5,6.3,168.1,48.4,229.1,17
351160424,WROC�AW-STRACHOWICE,2023,9,30.4,25.1,8.4,12.4,18.5,5.2,14.0,5.9,0.0,5
351160424,WROC�AW-STRACHOWICE,2023,10,27.8,17.3,-1.4,8.5,12.5,-4.0,56.7,13.4,120.2,19
351160424,WROC�AW-STRACHOWICE,2023,11,16.5,9.1,-7.4,2.6,5.6,-10.5,86.8,23.2,79.7,13
351160424,WROC�AW-STRACHOWICE,2023,12,12.4,6.0,-13.0,0.3,3.3,-20.1,53.1,7.0,53.8,12
351180435,KALISZ,2023,1,16.4,5.2,-3.4,1.7,3.3,-6.5,26.7,6.6,43.7,11
351180435,KALISZ,2023,2,10.9,4.7,-5.8,-0.3,1.9,-8.2,27.1,9.4,57.3,7
351180435,KALISZ,2023,3,17.8,9.3,-4.9,1.5,4.9,-9.7,28.0,5.5,85.7,12
351180435,KALISZ,2023,4,22.3,12.9,-3.2,4.3,8.1,-6.0,27.1,5.6,128.2,13
351180435,KALISZ,2023,5,24.4,18.7,2.2,8.3,13.5,-3.0,31.1,14.5,277.9,4
351180435,KALISZ,2023,6,31.3,24.8,2.8,13.0,18.8,-1.4,30.5,11.3,277.1,13
351180435,KALISZ,2023,7,33.4,27.1,8.8,14.9,20.9,5.7,47.9,12.5,250.2,14
351180435,KALISZ,2023,8,33.8,25.3,10.4,15.9,20.2,7.9,59.7,15.8,212.8,18
351180435,KALISZ,2023,9,30.1,25.0,9.1,13.6,19.1,6.6,18.9,8.9,261.5,4
351180435,KALISZ,2023,10,27.9,15.7,-0.2,8.0,11.4,-3.7,55.3,14.2,80.7,17
351180435,KALISZ,2023,11,15.8,7.6,-5.3,2.3,4.7,-8.0,64.0,25.9,59.5,14
351180435,KALISZ,2023,12,10.6,4.5,-7.5,0.5,2.4,-9.0,43.0,9.0,26.0,9
351180455,WIELU�,2023,1,16.3,5.5,-3.8,1.5,3.3,-7.0,27.0,3.7,36.8,9
351180455,WIELU�,2023,2,10.4,4.8,-7.9,-0.5,1.8,-11.7,46.0,16.2,54.7,10
351180455,WIELU�,2023,3,19.6,10.0,-6.0,1.3,5.1,-9.0,21.0,4.3,102.2,11
351180455,WIELU�,2023,4,23.2,13.0,-5.0,3.6,7.9,-8.4,30.4,5.0,120.8,12
351180455,WIELU�,2023,5,24.9,18.8,0.2,7.5,13.1,-3.9,24.3,10.1,268.9,7
351180455,WIELU�,2023,6,31.7,24.6,4.0,12.1,18.3,-0.7,48.4,13.5,275.0,12
351180455,WIELU�,2023,7,33.0,26.7,8.5,14.2,20.2,6.8,55.6,14.2,256.2,13
351180455,WIELU�,2023,8,32.9,25.6,10.3,15.6,20.1,6.9,78.9,31.1,214.8,18
351180455,WIELU�,2023,9,31.2,24.7,8.7,12.8,18.4,4.8,15.5,6.8,255.3,7
351180455,WIELU�,2023,10,26.6,15.9,0.0,8.2,11.5,-4.2,74.9,14.1,94.6,18
351180455,WIELU�,2023,11,16.7,7.6,-6.5,2.1,4.6,-11.2,46.6,10.3,65.0,13
351180455,WIELU�,2023,12,10.6,4.7,-9.6,0.1,2.2,-13.4,43.0,9.0,23.3,9
351190465,��D�-LUBLINEK,2023,1,16.6,5.2,-4.4,1.1,3.2,-7.1,35.2,7.5,40.3,12
351190465,��D�-LUBLINEK,2023,2,10.5,4.3,-12.3,-1.7,1.2,-15.4,58.8,11.5,60.7,7
351190465,��D�-LUBLINEK,2023,3,19.6,9.3,-10.6,-0.9,4.1,-15.9,42.7,8.4,109.1,11
351190465,��D�-LUBLINEK,2023,4,22.8,13.2,-7.1,3.0,8.0,-10.3,55.4,10.2,165.1,12
351190465,��D�-LUBLINEK,2023,5,23.7,18.8,-1.8,6.8,13.1,-5.7,22.3,10.2,295.8,7
351190465,��D�-LUBLINEK,2023,6,31.0,24.5,2.7,10.7,17.9,-1.2,15.1,5.8,291.1,10
351190465,��D�-LUBLINEK,2023,7,31.9,26.4,7.4,12.9,19.7,3.9,51.3,15.8,277.7,12
351190465,��D�-LUBLINEK,2023,8,33.9,25.5,6.4,14.7,19.7,4.1,100.1,47.5,226.6,21
351190465,��D�-LUBLINEK,2023,9,29.7,24.0,6.9,10.7,17.1,3.0,13.8,5.9,265.8,7
351190465,��D�-LUBLINEK,2023,10,26.5,15.3,-3.5,6.3,10.6,-6.8,125.5,39.6,99.8,20
351190465,��D�-LUBLINEK,2023,11,15.9,6.9,-7.6,0.8,4.0,-9.8,65.0,11.2,51.1,12
351190465,��D�-LUBLINEK,2023,12,10.1,4.1,-9.7,-0.4,1.9,-15.9,58.3,11.2,21.2,11
351190469,SULEJ�W,2023,1,16.0,4.8,-3.1,1.0,2.8,-4.4,33.1,10.2,36.0,10
351190469,SULEJ�W,2023,2,9.6,4.0,-11.1,-1.6,1.0,-14.6,38.1,9.8,71.1,8
351190469,SULEJ�W,2023,3,18.4,9.2,-7.0,0.2,4.2,-8.8,25.2,5.8,120.6,9
351190469,SULEJ�W,2023,4,22.1,12.8,-5.7,3.2,7.8,-7.2,56.3,23.0,174.5,12
351190469,SULEJ�W,2023,5,23.2,18.2,-1.0,6.3,12.5,-4.6,41.1,11.6,294.9,7
351190469,SULEJ�W,2023,6,30.7,23.9,2.3,10.8,17.4,-0.7,46.4,24.6,297.6,11
351190469,SULEJ�W,2023,7,33.2,26.5,9.2,13.4,19.7,7.1,49.8,11.3,280.6,16
351190469,SULEJ�W,2023,8,33.1,26.0,7.8,14.9,20.0,6.5,88.8,16.2,226.5,16
351190469,SULEJ�W,2023,9,30.3,24.3,5.2,11.6,17.5,3.2,10.3,3.6,265.9,4
351190469,SULEJ�W,2023,10,26.4,15.5,-1.9,7.1,10.9,-3.9,56.9,9.8,113.5,16
351190469,SULEJ�W,2023,11,15.6,6.9,-7.9,0.8,3.9,-9.0,42.1,8.3,54.2,12
351190469,SULEJ�W,2023,12,10.7,3.9,-11.5,-0.6,1.7,-16.8,46.2,10.9,30.0,12
351210488,KOZIENICE,2023,1,18.0,5.2,-4.0,1.2,3.1,-5.9,62.0,8.7,21.9,12
351210488,KOZIENICE,2023,2,9.7,4.3,-11.9,-1.6,1.4,-15.5,31.5,7.6,72.0,7
351210488,KOZIENICE,2023,3,20.6,9.9,-7.0,-0.1,4.6,-14.2,38.4,7.4,122.4,10
351210488,KOZIENICE,2023,4,23.2,14.1,-6.8,2.9,8.5,-8.0,35.6,9.8,179.9,11
351210488,KOZIENICE,2023,5,25.4,19.1,-2.5,5.3,12.6,-3.2,51.9,17.7,304.6,8
351210488,KOZIENICE,2023,6,29.5,24.3,0.3,10.2,17.5,-0.9,25.1,7.6,289.6,12
351210488,KOZIENICE,2023,7,34.9,26.9,7.1,13.1,20.1,6.2,56.7,26.3,282.2,14
351210488,KOZIENICE,2023,8,34.3,27.0,6.8,15.0,20.5,6.5,76.2,18.2,244.4,17
351210488,KOZIENICE,2023,9,30.5,24.7,4.2,10.7,17.3,2.8,12.6,6.4,0.0,6
351210488,KOZIENICE,2023,10,26.3,16.2,-3.7,6.8,11.1,-5.5,54.8,13.4,113.4,17
351210488,KOZIENICE,2023,11,15.2,6.9,-10.8,0.8,3.9,-16.3,42.0,6.2,56.3,11
351210488,KOZIENICE,2023,12,11.1,4.1,-12.4,-1.1,1.8,-18.3,42.4,9.3,20.8,11
351220495,LUBLIN-RADAWIEC,2023,1,12.3,4.1,-2.8,0.8,2.2,-4.4,68.7,13.0,22.8,11
351220495,LUBLIN-RADAWIEC,2023,2,8.9,3.1,-11.1,-1.9,0.5,-16.1,37.3,11.0,83.7,5
351220495,LUBLIN-RADAWIEC,2023,3,18.7,8.9,-9.4,0.5,4.3,-15.1,36.5,10.9,128.8,11
351220495,LUBLIN-RADAWIEC,2023,4,21.2,12.8,-4.3,3.8,8.1,-5.9,62.5,16.1,171.3,13
351220495,LUBLIN-RADAWIEC,2023,5,24.0,18.0,-0.3,6.7,12.7,-3.3,71.6,24.1,298.6,7
351220495,LUBLIN-RADAWIEC,2023,6,27.8,22.7,3.4,11.9,17.2,1.5,38.4,15.1,269.4,13
351220495,LUBLIN-RADAWIEC,2023,7,32.5,25.3,9.6,13.9,19.5,8.2,87.7,32.3,278.5,11
351220495,LUBLIN-RADAWIEC,2023,8,32.7,26.3,10.0,15.5,20.3,8.0,68.6,15.9,254.3,17
351220495,LUBLIN-RADAWIEC,2023,9,28.9,23.6,8.4,12.2,17.5,5.8,33.2,21.3,253.0,9
351220495,LUBLIN-RADAWIEC,2023,10,22.8,15.4,-1.8,7.2,10.9,-5.5,73.9,30.1,127.2,19
351220495,LUBLIN-RADAWIEC,2023,11,14.0,6.1,-11.4,0.7,3.3,-17.1,51.2,14.0,59.4,9
351220495,LUBLIN-RADAWIEC,2023,12,10.2,2.8,-14.1,-1.7,0.8,-22.7,43.6,10.0,22.2,10
351230497,W�ODAWA,2023,1,14.3,4.1,-2.2,0.7,2.2,-3.4,75.9,12.6,24.3,12
351230497,W�ODAWA,2023,2,8.1,3.4,-10.0,-1.6,0.7,-12.8,39.9,11.9,85.0,4
351230497,W�ODAWA,2023,3,18.0,8.9,-7.3,0.4,4.3,-11.3,43.4,7.6,140.1,8
351230497,W�ODAWA,2023,4,21.1,13.1,-3.4,3.8,8.3,-5.1,40.9,9.8,163.1,13
351230497,W�ODAWA,2023,5,25.9,19.0,-0.4,6.8,13.2,-3.0,91.1,38.6,334.0,8
351230497,W�ODAWA,2023,6,28.1,22.6,3.7,12.0,17.2,1.2,60.7,20.2,259.6,12
351230497,W�ODAWA,2023,7,33.3,25.8,9.6,13.9,19.8,8.1,75.7,26.7,295.8,14
351230497,W�ODAWA,2023,8,32.4,27.1,9.0,15.3,21.0,7.6,64.4,15.0,281.6,12
351230497,W�ODAWA,2023,9,29.5,24.4,6.3,11.4,17.5,3.7,14.0,11.5,280.9,7
351230497,W�ODAWA,2023,10,24.7,15.7,-2.8,6.4,10.6,-5.1,53.3,18.7,135.4,18
351230497,W�ODAWA,2023,11,15.6,6.4,-10.9,0.4,3.2,-13.6,41.7,6.5,67.9,7
351230497,W�ODAWA,2023,12,10.2,2.9,-14.1,-1.5,0.8,-19.9,48.4,10.5,23.7,9
352140310,S�UBICE,2023,1,17.3,6.3,-4.4,1.7,3.9,-8.0,53.3,16.6,30.2,13
352140310,S�UBICE,2023,2,12.5,6.8,-9.7,-0.8,2.7,-11.6,38.7,14.4,91.5,13
352140310,S�UBICE,2023,3,17.5,9.8,-7.2,2.1,5.6,-9.7,78.3,21.4,103.6,9
352140310,S�UBICE,2023,4,21.5,12.5,-3.9,3.7,7.8,-5.9,57.8,13.2,137.3,14
352140310,S�UBICE,2023,5,26.6,19.6,-0.4,7.4,13.6,-3.1,39.7,19.3,315.7,6
352140310,S�UBICE,2023,6,30.9,25.1,3.3,12.2,18.6,-0.1,72.7,30.7,269.4,9
352140310,S�UBICE,2023,7,35.4,26.2,8.4,14.1,20.1,5.9,38.9,9.8,274.7,11
352140310,S�UBICE,2023,8,32.0,24.6,10.2,15.0,19.5,8.0,97.2,19.9,209.5,16
352140310,S�UBICE,2023,9,30.6,25.1,4.5,12.0,18.3,1.3,7.9,3.3,277.9,5
352140310,S�UBICE,2023,10,27.2,15.7,-2.3,8.4,11.7,-5.1,93.6,17.4,97.7,26
352140310,S�UBICE,2023,11,14.7,8.8,-5.1,2.9,5.5,-12.0,63.8,14.7,65.7,18
352140310,S�UBICE,2023,12,11.7,5.7,-11.2,1.3,3.5,-14.6,79.3,12.3,31.3,16
352150300,GORZ�W WIELKOPOLSKI,2023,1,16.6,5.8,-3.1,1.6,3.5,-4.8,55.2,16.3,25.1,13
352150300,GORZ�W WIELKOPOLSKI,2023,2,11.1,6.2,-7.3,-0.2,2.5,-9.8,43.2,11.4,81.4,7
352150300,GORZ�W WIELKOPOLSKI,2023,3,16.4,9.2,-5.3,1.7,4.9,-7.3,77.9,19.3,87.6,10
352150300,GORZ�W WIELKOPOLSKI,2023,4,21.1,12.6,-2.9,4.5,8.1,-3.9,48.0,14.1,0.0,15
352150300,GORZ�W WIELKOPOLSKI,2023,5,26.5,19.3,1.8,8.1,13.7,-1.2,26.6,13.9,300.4,5
352150300,GORZ�W WIELKOPOLSKI,2023,6,30.5,24.9,4.3,13.3,18.9,2.0,43.1,23.6,260.5,10
352150300,GORZ�W WIELKOPOLSKI,2023,7,34.2,25.8,9.9,14.0,19.8,7.4,70.4,44.4,240.5,15
352150300,GORZ�W WIELKOPOLSKI,2023,8,31.9,24.2,9.5,15.2,19.2,7.6,120.8,38.3,177.0,18
352150300,GORZ�W WIELKOPOLSKI,2023,9,30.0,24.5,7.4,12.8,18.4,4.0,8.2,4.8,263.9,5
352150300,GORZ�W WIELKOPOLSKI,2023,10,26.5,14.8,-1.2,7.8,11.0,-3.5,86.1,9.9,70.4,25
352150300,GORZ�W WIELKOPOLSKI,2023,11,14.0,8.1,-5.8,2.6,4.9,-15.5,61.1,9.7,56.6,17
352150300,GORZ�W WIELKOPOLSKI,2023,12,10.6,4.9,-10.9,0.8,2.8,-16.3,89.6,16.7,24.7,12
352160330,POZNA�-�AWICA,2023,1,15.8,5.4,-5.5,1.5,3.4,-7.9,53.3,11.2,27.3,11
352160330,POZNA�-�AWICA,2023,2,11.3,5.8,-8.4,-0.8,2.2,-10.9,40.1,10.1,82.2,9
352160330,POZNA�-�AWICA,2023,3,17.5,9.4,-7.5,1.2,4.8,-10.3,51.4,10.8,89.9,10
352160330,POZNA�-�AWICA,2023,4,21.8,13.2,-4.0,4.0,8.4,-8.0,36.8,7.7,148.8,14
352160330,POZNA�-�AWICA,2023,5,25.8,19.4,1.4,7.6,13.8,-2.2,29.5,14.1,308.2,6
352160330,POZNA�-�AWICA,2023,6,31.9,25.7,5.4,13.2,19.4,2.3,38.7,12.8,287.0,11
352160330,POZNA�-�AWICA,2023,7,34.3,26.8,10.0,14.3,20.5,8.2,61.7,22.6,280.2,16
352160330,POZNA�-�AWICA,2023,8,33.1,24.6,9.6,15.2,19.8,7.7,156.1,53.7,219.9,19
352160330,POZNA�-�AWICA,2023,9,29.9,25.0,7.3,12.6,18.6,4.3,3.3,1.3,292.8,4
352160330,POZNA�-�AWICA,2023,10,27.1,15.2,-2.3,7.5,11.1,-4.9,78.4,13.9,75.1,22
352160330,POZNA�-�AWICA,2023,11,14.5,7.9,-8.0,1.6,4.7,-13.4,84.5,24.3,67.6,15
352160330,POZNA�-�AWICA,2023,12,10.8,5.0,-12.2,0.5,2.7,-15.4,76.7,13.2,35.9,12
352180345,KO�O,2023,1,0.0,0.0,0.0,0.0,0.0,0.0,0.0,0.0,0.0,0
352180345,KO�O,2023,2,10.6,4.5,-8.8,-1.0,1.6,-16.5,46.8,12.8,60.8,11
352180345,KO�O,2023,3,18.6,8.9,-5.9,1.0,4.5,-9.5,26.8,9.8,101.2,18
352180345,KO�O,2023,4,0.0,0.0,0.0,0.0,0.0,0.0,52.4,8.1,0.0,16
352180345,KO�O,2023,5,23.9,18.8,0.5,7.1,13.2,-2.5,19.5,8.6,310.6,5
352180345,KO�O,2023,6,0.0,0.0,0.0,0.0,0.0,0.0,43.9,24.3,0.0,13
352180345,KO�O,2023,7,0.0,0.0,0.0,0.0,0.0,0.0,25.7,9.7,0.0,16
352180345,KO�O,2023,8,35.3,25.9,9.3,15.4,20.2,7.1,72.3,21.5,222.0,17
352180345,KO�O,2023,9,30.1,25.3,8.1,12.3,18.4,6.1,14.8,6.3,279.3,6
352180345,KO�O,2023,10,28.1,15.3,-1.0,7.3,10.9,-2.6,50.3,8.6,0.0,18
352180345,KO�O,2023,11,16.4,8.9,-6.9,2.0,0.0,0.0,73.7,31.8,63.6,20
352180345,KO�O,2023,12,11.1,4.3,-9.9,0.1,2.3,-12.9,64.3,13.3,12.1,16
352190360,P�OCK,2023,1,16.6,4.9,-2.6,1.6,3.1,-4.2,24.5,9.1,27.0,14
352190360,P�OCK,2023,2,10.5,3.9,-11.5,-1.6,1.1,-15.4,23.8,7.6,58.8,11
352190360,P�OCK,2023,3,18.0,8.6,-6.1,0.6,4.1,-9.2,20.8,5.8,93.9,17
352190360,P�OCK,2023,4,21.7,13.0,-4.0,3.9,8.2,-6.9,20.7,4.9,170.6,11
352190360,P�OCK,2023,5,23.1,18.4,-0.6,6.8,12.9,-3.7,29.1,11.2,311.3,7
352190360,P�OCK,2023,6,28.7,23.9,1.0,11.1,17.6,-2.0,23.9,7.7,292.2,10
352190360,P�OCK,2023,7,32.6,25.9,8.9,13.4,19.6,7.0,65.3,31.9,254.3,13
352190360,P�OCK,2023,8,34.1,25.8,9.0,15.2,20.1,7.3,62.2,16.5,215.5,16
352190360,P�OCK,2023,9,29.9,24.3,6.7,12.0,17.9,4.0,9.5,2.8,273.4,8
352190360,P�OCK,2023,10,26.9,14.5,-0.8,6.9,10.4,-3.2,53.9,9.8,87.7,18
352190360,P�OCK,2023,11,0.0,0.0,0.0,0.0,0.0,0.0,0.0,0.0,0.0,0
352190360,P�OCK,2023,12,0.0,0.0,0.0,0.0,0.0,0.0,0.0,0.0,0.0,0
352200375,WARSZAWA-OK�CIE,2023,1,18.9,5.4,-3.9,1.6,3.4,-7.3,43.6,8.2,33.5,9
352200375,WARSZAWA-OK�CIE,2023,2,9.9,4.1,-8.7,-1.1,1.4,-13.4,32.2,7.2,65.7,5
352200375,WARSZAWA-OK�CIE,2023,3,20.0,9.1,-9.0,0.1,4.5,-12.7,23.8,4.8,0.0,10
352200375,WARSZAWA-OK�CIE,2023,4,22.6,13.9,-5.2,4.5,9.2,-7.8,48.1,15.8,200.1,12
352200375,WARSZAWA-OK�CIE,2023,5,25.6,19.2,1.7,8.2,14.0,-2.2,42.2,18.6,329.2,7
352200375,WARSZAWA-OK�CIE,2023,6,29.0,24.8,4.2,12.7,18.8,1.7,42.2,15.0,317.8,12
352200375,WARSZAWA-OK�CIE,2023,7,33.5,26.9,9.4,14.8,20.9,6.6,46.2,14.3,299.7,11
352200375,WARSZAWA-OK�CIE,2023,8,34.3,26.6,9.3,16.2,21.1,7.5,88.6,29.0,255.3,14
352200375,WARSZAWA-OK�CIE,2023,9,30.4,24.9,8.5,12.7,18.5,6.2,9.9,5.2,280.4,6
352200375,WARSZAWA-OK�CIE,2023,10,25.8,15.3,-1.6,7.1,11.0,-5.1,73.1,25.2,110.9,15
352200375,WARSZAWA-OK�CIE,2023,11,14.3,6.6,-6.8,1.4,3.9,-7.7,61.7,13.0,52.1,10
352200375,WARSZAWA-OK�CIE,2023,12,10.4,4.0,-8.7,-0.1,2.1,-14.2,61.9,10.2,20.6,12
352220385,SIEDLCE,2023,1,17.7,4.3,-2.3,1.2,2.6,-3.0,60.5,7.3,27.9,9
352220385,SIEDLCE,2023,2,9.3,3.6,-8.3,-1.1,1.0,-9.8,33.4,9.5,70.7,7
352220385,SIEDLCE,2023,3,19.3,8.9,-6.0,0.0,4.1,-10.9,22.3,4.6,135.4,8
352220385,SIEDLCE,2023,4,22.3,13.4,-4.1,3.2,8.3,-6.0,37.9,21.8,173.4,11
352220385,SIEDLCE,2023,5,25.5,18.6,-1.9,5.8,12.7,-3.0,43.4,15.1,318.4,6
352220385,SIEDLCE,2023,6,28.7,23.3,1.5,10.6,17.1,-1.2,54.2,25.2,261.1,15
352220385,SIEDLCE,2023,7,34.1,26.0,8.5,13.4,19.8,5.8,50.5,21.9,286.9,14
352220385,SIEDLCE,2023,8,33.1,26.8,8.3,15.1,20.6,5.9,60.0,22.8,253.6,19
352220385,SIEDLCE,2023,9,29.7,24.6,5.4,10.9,17.5,2.6,14.2,7.4,275.2,5
352220385,SIEDLCE,2023,10,24.9,15.0,-2.1,6.7,10.3,-5.5,46.6,8.3,110.2,18
352220385,SIEDLCE,2023,11,14.1,6.0,-8.0,0.8,3.3,-10.0,59.1,20.9,57.9,11
352220385,SIEDLCE,2023,12,9.4,3.0,-11.5,-0.8,1.2,-17.9,71.3,14.6,18.0,11
352230399,TERESPOL,2023,1,16.1,4.3,-3.3,0.9,2.5,-3.2,74.2,15.9,20.7,10
352230399,TERESPOL,2023,2,8.4,3.6,-6.7,-0.9,1.1,-8.6,25.2,8.8,70.1,4
352230399,TERESPOL,2023,3,17.7,9.0,-5.2,0.6,4.4,-7.6,40.9,9.9,135.0,8
352230399,TERESPOL,2023,4,21.8,13.4,-3.5,4.3,8.9,-5.2,28.1,9.5,160.0,13
352230399,TERESPOL,2023,5,25.7,19.1,-1.0,6.6,13.3,-3.4,50.1,26.6,337.4,7
352230399,TERESPOL,2023,6,29.0,22.9,3.2,11.4,17.2,0.8,87.6,19.6,263.9,15
352230399,TERESPOL,2023,7,33.3,25.7,8.8,13.6,19.7,6.7,40.4,12.9,305.0,17
352230399,TERESPOL,2023,8,33.7,27.4,8.8,15.3,0.0,7.1,68.3,25.0,0.0,14
352230399,TERESPOL,2023,9,29.6,24.7,6.3,11.2,17.6,3.7,18.7,9.2,278.7,4
352230399,TERESPOL,2023,10,24.3,15.0,-1.0,6.4,10.4,-3.2,44.2,7.7,108.1,18
352230399,TERESPOL,2023,11,15.1,6.3,-10.3,0.5,3.4,-17.3,38.7,8.0,55.7,10
352230399,TERESPOL,2023,12,9.4,2.9,-10.8,-0.9,1.1,-17.5,41.5,6.3,15.7,10
353140200,�WINOUJ�CIE,2023,1,15.0,5.9,-4.2,1.9,3.8,-7.4,58.2,11.8,14.1,16
353140200,�WINOUJ�CIE,2023,2,10.3,5.5,-5.1,0.4,2.7,-8.0,43.5,9.1,70.3,8
353140200,�WINOUJ�CIE,2023,3,16.5,8.6,-3.6,2.0,4.9,-5.9,49.5,8.6,122.0,12
353140200,�WINOUJ�CIE,2023,4,20.1,10.2,-2.7,4.2,6.8,-4.3,20.9,8.3,188.9,11
353140200,�WINOUJ�CIE,2023,5,24.1,16.3,1.1,8.0,12.2,-1.0,5.3,4.0,329.3,4
353140200,�WINOUJ�CIE,2023,6,30.7,20.9,3.9,12.7,17.0,0.7,47.8,14.2,305.2,9
353140200,�WINOUJ�CIE,2023,7,33.5,23.5,9.8,14.1,18.4,7.5,61.8,9.4,256.9,21
353140200,�WINOUJ�CIE,2023,8,30.8,22.2,10.5,14.9,18.0,8.9,111.5,36.0,186.8,20
353140200,�WINOUJ�CIE,2023,9,29.3,22.9,8.7,14.0,17.9,4.5,15.1,11.9,244.9,5
353140200,�WINOUJ�CIE,2023,10,22.5,14.6,2.6,8.3,11.1,0.5,69.1,18.0,70.7,19
353140200,�WINOUJ�CIE,2023,11,12.5,7.9,-6.4,3.2,5.5,-10.1,68.7,11.2,25.2,17
353140200,�WINOUJ�CIE,2023,12,10.6,4.9,-8.7,1.4,3.1,-12.3,62.4,14.0,8.5,14
353140205,SZCZECIN,2023,1,15.5,6.2,-4.8,1.8,4.0,-7.9,55.6,13.7,28.4,19
353140205,SZCZECIN,2023,2,10.8,6.3,-8.1,-0.7,2.6,-8.9,49.7,9.8,91.3,10
353140205,SZCZECIN,2023,3,16.2,9.3,-4.8,1.6,5.1,-7.8,52.1,7.5,117.8,12
353140205,SZCZECIN,2023,4,21.1,12.5,-5.1,3.8,8.0,-7.7,23.5,4.7,178.0,14
353140205,SZCZECIN,2023,5,27.0,19.2,-1.3,6.3,13.2,-2.9,7.1,2.3,324.4,4
353140205,SZCZECIN,2023,6,30.2,23.9,0.9,11.5,18.1,-2.2,63.4,17.4,281.3,10
353140205,SZCZECIN,2023,7,32.8,24.3,9.0,13.3,18.8,6.8,68.5,33.4,251.4,14
353140205,SZCZECIN,2023,8,30.4,23.4,9.4,14.4,18.5,6.8,87.9,29.1,199.1,18
353140205,SZCZECIN,2023,9,29.5,24.3,6.6,11.9,17.7,3.1,13.4,6.1,272.6,5
353140205,SZCZECIN,2023,10,23.9,14.9,2.3,7.6,11.0,-1.3,56.4,18.2,83.9,19
353140205,SZCZECIN,2023,11,13.5,8.2,-6.4,2.5,5.4,-10.3,58.0,10.6,59.7,17
353140205,SZCZECIN,2023,12,12.1,5.3,-10.1,1.2,3.3,-13.4,73.7,11.4,25.3,17
353150210,RESKO-SM�LSKO,2023,1,15.5,5.5,-4.2,1.4,3.4,-5.0,64.0,13.1,0.0,16
353150210,RESKO-SM�LSKO,2023,3,13.6,0.0,5.2,0.0,0.0,4.5,12.9,8.1,2.1,2
353150210,RESKO-SM�LSKO,2023,4,20.5,12.2,-5.2,3.0,7.2,-5.6,18.3,6.4,0.0,14
353150210,RESKO-SM�LSKO,2023,5,26.1,18.5,-1.6,4.6,12.1,-3.1,6.1,2.4,0.0,5
353150210,RESKO-SM�LSKO,2023,6,31.4,23.6,-1.3,9.4,17.0,-3.3,43.3,14.6,0.0,10
353150210,RESKO-SM�LSKO,2023,7,32.9,24.0,6.9,12.2,18.0,5.8,53.4,22.3,250.4,21
353150210,RESKO-SM�LSKO,2023,8,30.8,23.0,8.8,13.6,17.8,8.1,160.1,58.9,0.0,22
353150210,RESKO-SM�LSKO,2023,9,29.1,23.7,4.7,11.8,17.5,2.4,7.9,4.9,257.5,7
353150210,RESKO-SM�LSKO,2023,10,23.2,14.1,0.6,7.3,10.5,-1.5,90.6,31.1,0.0,20
353150210,RESKO-SM�LSKO,2023,11,13.5,6.9,-11.1,1.3,4.2,-13.1,71.8,15.9,0.0,21
353150210,RESKO-SM�LSKO,2023,12,0.0,0.0,0.0,0.0,0.0,0.0,69.7,14.2,12.8,22
353160230,PI�A,2023,1,16.1,5.2,-2.8,1.3,3.1,-5.8,56.3,19.8,18.5,17
353160230,PI�A,2023,2,10.5,5.4,-7.5,-1.0,1.8,-10.5,33.0,12.4,73.9,6
353160230,PI�A,2023,3,16.4,8.5,-8.1,0.6,4.0,-11.9,58.4,11.5,107.7,11
353160230,PI�A,2023,4,22.6,13.1,-5.3,3.2,7.9,-8.4,31.8,5.4,167.8,13
353160230,PI�A,2023,5,26.0,19.3,-2.1,6.3,13.1,-4.1,13.0,6.2,318.5,4
353160230,PI�A,2023,6,31.6,25.1,0.9,11.7,18.5,-1.8,57.3,15.3,295.6,15
353160230,PI�A,2023,7,33.5,25.3,7.8,12.5,18.9,4.5,67.5,23.6,258.0,15
353160230,PI�A,2023,8,33.2,23.9,8.4,14.2,18.8,6.1,114.5,27.9,195.7,16
353160230,PI�A,2023,9,29.3,24.4,5.3,11.1,17.5,2.5,6.3,2.3,281.0,4
353160230,PI�A,2023,10,25.0,14.4,-1.0,6.6,10.1,-4.0,76.1,17.1,72.8,21
353160230,PI�A,2023,11,13.3,7.1,-8.8,1.0,3.9,-16.0,81.6,19.3,48.1,17
353160230,PI�A,2023,12,10.5,4.4,-14.1,0.0,2.3,-18.1,78.5,13.6,25.6,12
353170235,CHOJNICE,2023,1,14.9,4.1,-3.0,0.9,2.3,-3.8,47.7,13.2,16.3,13
353170235,CHOJNICE,2023,2,9.3,4.3,-10.4,-1.6,1.0,-13.3,35.3,11.0,77.4,5
353170235,CHOJNICE,2023,3,16.1,7.4,-6.9,0.4,3.4,-8.9,41.9,6.4,117.1,9
353170235,CHOJNICE,2023,4,21.9,12.2,-5.5,3.0,7.3,-6.7,18.8,7.4,170.2,12
353170235,CHOJNICE,2023,5,24.8,18.4,-0.7,5.7,12.4,-2.7,11.9,8.6,322.0,4
353170235,CHOJNICE,2023,6,29.9,23.9,1.3,11.5,17.7,-1.0,50.5,20.2,315.1,13
353170235,CHOJNICE,2023,7,31.4,23.6,8.3,12.4,17.9,6.7,92.1,26.1,254.8,16
353170235,CHOJNICE,2023,8,31.8,23.2,9.2,14.1,18.3,8.8,85.4,22.6,187.9,16
353170235,CHOJNICE,2023,9,28.5,23.5,5.7,12.0,17.4,4.1,10.2,3.5,263.1,4
353170235,CHOJNICE,2023,10,24.7,13.3,1.0,6.4,9.5,0.5,56.1,12.1,78.5,20
353170235,CHOJNICE,2023,11,13.3,5.7,-9.5,0.9,3.1,-10.7,94.6,35.7,45.8,12
353170235,CHOJNICE,2023,12,8.5,3.1,-9.9,-0.7,1.3,-13.0,65.4,12.9,25.5,12
353180250,TORU�,2023,1,16.2,4.9,-3.6,1.4,3.1,-6.7,42.3,7.2,26.6,14
353180250,TORU�,2023,2,10.0,4.7,-8.6,-1.6,1.3,-19.6,37.1,13.0,75.3,7
353180250,TORU�,2023,3,17.2,8.7,-9.3,0.2,4.2,-14.7,45.4,16.1,99.2,10
353180250,TORU�,2023,4,23.8,13.4,-6.4,3.7,8.3,-8.9,31.6,6.3,162.5,10
353180250,TORU�,2023,5,24.8,19.7,-2.0,6.4,13.5,-4.7,24.1,14.5,305.9,4
353180250,TORU�,2023,6,31.8,25.4,1.8,11.9,18.9,-2.6,33.3,11.8,286.4,11
353180250,TORU�,2023,7,33.5,26.4,8.7,13.2,19.8,5.1,39.1,12.3,252.4,19
353180250,TORU�,2023,8,35.2,25.8,7.6,15.1,20.1,5.0,94.4,45.1,194.7,13
353180250,TORU�,2023,9,29.7,25.1,5.9,12.1,18.3,2.4,12.3,7.0,260.8,5
353180250,TORU�,2023,10,27.9,15.0,-1.5,6.7,10.5,-4.9,60.8,16.3,83.0,19
353180250,TORU�,2023,11,15.7,6.8,-6.7,1.3,3.8,-11.5,116.9,44.4,54.7,13
353180250,TORU�,2023,12,10.4,4.2,-10.7,-0.1,2.1,-15.9,60.4,14.1,25.5,11
353200270,M�AWA,2023,1,14.7,4.1,-4.6,0.9,2.4,-4.5,54.5,12.3,14.0,8
353200270,M�AWA,2023,2,9.4,3.8,-9.0,-1.8,0.8,-13.8,36.2,13.4,60.9,3
353200270,M�AWA,2023,3,17.0,7.9,-7.1,0.0,3.5,-12.4,41.3,9.7,80.5,9
353200270,M�AWA,2023,4,22.0,13.1,-3.6,4.1,8.3,-5.1,44.8,11.7,139.1,10
353200270,M�AWA,2023,5,25.3,19.1,-1.1,7.3,13.5,-2.2,17.2,14.2,276.0,2
353200270,M�AWA,2023,6,29.9,24.6,3.0,11.9,18.4,2.1,19.6,8.3,265.2,10
353200270,M�AWA,2023,7,32.9,25.8,8.5,13.1,19.5,7.4,67.7,19.9,215.6,15
353200270,M�AWA,2023,8,33.8,25.8,8.8,15.5,20.2,7.6,79.4,37.7,168.8,16
353200270,M�AWA,2023,9,29.7,24.3,7.1,12.0,17.8,5.7,11.7,8.6,249.5,3
353200270,M�AWA,2023,10,25.6,13.8,-1.5,5.9,9.5,-3.2,79.9,11.8,64.0,17
353200270,M�AWA,2023,11,14.3,5.6,-8.1,0.8,3.0,-9.2,73.7,18.8,35.9,11
353200270,M�AWA,2023,12,9.5,3.1,-9.0,-0.6,1.3,-11.1,64.0,13.9,15.0,12
353200272,OLSZTYN,2023,1,15.7,3.8,-4.7,0.7,2.2,-5.6,45.8,6.7,0.0,9
353200272,OLSZTYN,2023,2,8.6,3.6,-8.5,-1.2,1.0,-11.1,45.2,12.6,0.0,3
353200272,OLSZTYN,2023,3,16.0,7.3,-6.0,-0.4,3.2,-10.9,39.9,6.2,0.0,8
353200272,OLSZTYN,2023,4,22.2,12.9,-3.8,3.1,7.8,-5.8,39.9,11.4,0.0,10
353200272,OLSZTYN,2023,5,25.3,19.1,-1.7,5.9,13.1,-4.4,12.5,10.7,0.0,3
353200272,OLSZTYN,2023,6,30.6,23.8,2.0,11.3,17.9,-0.6,42.3,9.5,0.0,13
353200272,OLSZTYN,2023,7,32.9,24.7,9.5,12.9,18.7,7.0,30.2,7.7,0.0,17
353200272,OLSZTYN,2023,8,34.3,25.2,9.0,15.6,19.8,7.1,127.3,63.9,0.0,14
353200272,OLSZTYN,2023,9,29.2,23.9,6.0,12.0,17.6,3.5,24.7,10.9,0.0,7
353200272,OLSZTYN,2023,10,23.9,13.4,0.5,6.3,9.4,-3.4,54.8,12.0,0.0,19
353200272,OLSZTYN,2023,11,14.3,5.6,-8.5,0.8,3.1,-17.5,77.8,19.2,0.0,11
353200272,OLSZTYN,2023,12,8.8,3.0,-8.5,-0.6,1.2,-16.6,52.7,10.7,0.0,12
353210280,MIKO�AJKI,2023,1,15.4,3.4,-6.0,0.2,1.7,-5.1,52.8,9.6,19.9,9
353210280,MIKO�AJKI,2023,2,7.7,3.3,-7.6,-1.5,0.7,-10.9,51.6,21.2,69.5,6
353210280,MIKO�AJKI,2023,3,16.2,7.2,-5.9,-0.3,3.0,-10.8,39.0,7.8,135.5,8
353210280,MIKO�AJKI,2023,4,22.1,13.0,-3.8,3.7,7.9,-5.2,38.5,13.1,188.7,7
353210280,MIKO�AJKI,2023,5,24.9,18.6,0.2,7.2,13.0,-2.2,9.2,4.1,318.7,5
353210280,MIKO�AJKI,2023,6,30.4,23.9,4.4,12.5,18.0,3.3,51.1,30.2,301.8,7
353210280,MIKO�AJKI,2023,7,33.7,24.5,10.3,14.1,18.9,8.9,50.7,9.4,275.5,18
353210280,MIKO�AJKI,2023,8,33.1,25.8,10.4,16.2,20.3,8.7,129.9,34.7,227.2,12
353210280,MIKO�AJKI,2023,9,28.6,23.7,7.9,13.1,18.0,6.4,10.8,6.2,282.4,5
353210280,MIKO�AJKI,2023,10,23.8,12.9,1.6,6.6,9.3,0.2,104.7,32.0,86.6,17
353210280,MIKO�AJKI,2023,11,13.6,5.6,-8.3,0.5,2.7,-12.6,75.0,17.5,60.5,11
353210280,MIKO�AJKI,2023,12,8.3,2.7,-6.2,-0.6,1.0,-9.9,61.5,9.5,21.3,14
353230295,BIA�YSTOK,2023,1,15.9,3.8,-5.8,0.5,1.9,-6.2,68.5,10.3,0.0,11
353230295,BIA�YSTOK,2023,2,7.9,3.0,-8.7,-1.8,0.4,-10.1,43.9,16.6,0.0,4
353230295,BIA�YSTOK,2023,3,18.0,8.0,-6.6,-0.7,3.5,-9.8,50.1,11.2,132.4,10
353230295,BIA�YSTOK,2023,4,21.7,13.3,-3.8,3.2,8.3,-6.1,32.2,14.1,0.0,9
353230295,BIA�YSTOK,2023,5,25.2,18.7,-2.1,5.3,12.3,-5.2,37.8,22.9,310.5,6
353230295,BIA�YSTOK,2023,6,28.6,23.5,2.3,10.7,17.2,-0.2,65.6,29.2,271.8,11
353230295,BIA�YSTOK,2023,7,33.8,24.8,8.4,12.6,18.7,5.9,45.1,16.0,0.0,14
353230295,BIA�YSTOK,2023,8,33.0,26.5,8.8,14.5,20.1,6.4,42.9,13.5,0.0,12
353230295,BIA�YSTOK,2023,9,29.1,24.1,6.3,10.7,16.8,2.3,18.5,8.9,0.0,6
353230295,BIA�YSTOK,2023,10,23.4,13.1,0.3,6.1,9.3,-4.3,90.6,35.0,0.0,18
353230295,BIA�YSTOK,2023,11,13.2,5.1,-13.7,-0.8,2.2,-17.9,54.4,12.7,35.2,11
353230295,BIA�YSTOK,2023,12,8.8,2.4,-7.1,-1.0,0.8,-12.9,70.1,10.3,0.0,11
354150100,KO�OBRZEG-D�WIRZYNO,2023,1,15.3,5.8,-3.1,2.0,3.9,-4.1,54.6,11.3,28.9,18
354150100,KO�OBRZEG-D�WIRZYNO,2023,2,10.4,5.2,-4.1,0.8,2.8,-2.8,43.5,12.4,86.3,9
354150100,KO�OBRZEG-D�WIRZYNO,2023,3,14.5,7.6,-4.0,1.9,4.6,-2.6,46.2,6.5,119.6,13
354150100,KO�OBRZEG-D�WIRZYNO,2023,4,20.3,9.0,-2.4,4.3,6.4,-3.3,16.8,12.0,195.1,10
354150100,KO�OBRZEG-D�WIRZYNO,2023,5,23.2,15.4,1.3,7.7,11.4,2.5,11.8,6.0,354.3,5
354150100,KO�OBRZEG-D�WIRZYNO,2023,6,25.0,19.0,3.8,12.3,15.7,4.5,30.5,9.5,343.8,9
354150100,KO�OBRZEG-D�WIRZYNO,2023,7,32.5,22.2,10.1,14.2,18.0,9.4,117.7,30.0,275.7,19
354150100,KO�OBRZEG-D�WIRZYNO,2023,8,29.8,21.3,10.6,15.0,17.7,10.8,185.5,76.7,179.6,20
354150100,KO�OBRZEG-D�WIRZYNO,2023,9,28.3,22.4,7.4,13.8,17.7,7.8,20.9,8.4,254.0,7
354150100,KO�OBRZEG-D�WIRZYNO,2023,10,22.8,14.3,3.9,8.9,11.3,3.7,97.6,33.2,76.8,20
354150100,KO�OBRZEG-D�WIRZYNO,2023,11,14.3,7.6,-5.7,3.1,5.2,-8.5,91.7,18.4,38.6,12
354150100,KO�OBRZEG-D�WIRZYNO,2023,12,11.3,5.2,-5.8,1.5,3.3,0.0,67.8,11.8,19.4,14
354160105,KOSZALIN,2023,1,15.3,5.6,-2.9,2.1,3.7,-5.0,58.4,13.1,24.2,15
354160105,KOSZALIN,2023,2,10.3,5.4,-4.7,0.5,2.6,-6.6,47.8,11.8,84.5,8
354160105,KOSZALIN,2023,3,15.8,7.9,-5.6,1.6,4.5,-7.6,39.1,5.3,102.5,11
354160105,KOSZALIN,2023,4,22.3,11.8,-4.4,3.7,7.3,-6.8,15.7,8.8,192.8,8
354160105,KOSZALIN,2023,5,26.6,17.8,0.4,7.0,12.7,-3.2,9.4,5.3,342.1,5
354160105,KOSZALIN,2023,6,30.5,21.5,2.8,12.1,17.0,-1.1,56.4,23.3,326.2,9
354160105,KOSZALIN,2023,7,32.4,22.4,10.2,13.7,17.7,7.8,100.6,28.7,260.5,22
354160105,KOSZALIN,2023,8,30.3,21.8,10.3,14.6,17.7,7.6,175.5,47.4,178.6,22
354160105,KOSZALIN,2023,9,28.3,23.1,8.2,13.7,17.8,5.6,16.6,8.2,253.4,8
354160105,KOSZALIN,2023,10,23.2,14.1,3.0,8.1,10.7,0.1,74.6,21.4,73.8,21
354160105,KOSZALIN,2023,11,13.9,6.9,-6.3,2.4,4.6,-8.5,68.3,10.5,36.7,14
354160105,KOSZALIN,2023,12,11.0,4.7,-5.3,1.1,2.9,-7.1,63.5,13.9,24.3,12
354160115,USTKA,2023,1,15.6,5.8,-2.7,2.2,3.9,-4.4,52.2,9.4,20.1,18
354160115,USTKA,2023,2,9.5,4.9,-3.5,0.9,2.8,-3.9,43.7,10.7,70.4,7
354160115,USTKA,2023,3,13.7,7.2,-6.3,1.8,4.4,-6.8,37.5,7.2,116.0,11
354160115,USTKA,2023,4,23.2,9.0,-1.6,4.2,6.3,-2.7,20.5,15.0,228.2,8
354160115,USTKA,2023,5,23.1,15.7,1.9,7.5,11.3,-0.3,8.7,7.8,379.0,3
354160115,USTKA,2023,6,28.5,18.5,3.8,12.2,15.4,3.5,38.0,16.7,369.0,7
354160115,USTKA,2023,7,31.7,21.5,10.8,14.3,17.9,10.5,102.4,20.9,301.0,20
354160115,USTKA,2023,8,28.7,21.0,11.4,15.1,17.8,10.9,161.3,21.1,182.6,21
354160115,USTKA,2023,9,28.1,22.2,8.1,14.3,17.8,7.5,34.9,17.3,247.5,6
354160115,USTKA,2023,10,23.8,14.0,4.4,9.0,11.2,3.9,87.0,16.4,77.9,19
354160115,USTKA,2023,11,14.3,7.2,-4.9,3.2,5.1,-5.2,94.7,19.5,22.3,15
354160115,USTKA,2023,12,10.3,5.0,-5.9,1.5,3.1,-6.1,68.4,14.0,15.5,15
354170120,�EBA,2023,1,13.0,5.3,-4.9,1.2,3.4,-7.9,75.2,17.3,27.1,18
354170120,�EBA,2023,2,8.0,4.5,-5.9,0.0,2.2,-8.9,35.6,8.3,89.0,8
354170120,�EBA,2023,3,13.7,7.4,-7.0,0.7,3.9,-11.2,26.2,5.1,136.4,11
354170120,�EBA,2023,4,24.4,10.2,-3.4,3.6,6.4,-7.0,21.6,10.1,235.3,9
354170120,�EBA,2023,5,23.7,16.2,-0.6,5.6,11.3,-4.6,9.4,9.0,366.8,3
354170120,�EBA,2023,6,30.3,20.3,0.7,11.2,15.8,-2.6,14.6,4.7,344.5,8
354170120,�EBA,2023,7,30.5,22.0,9.6,12.6,17.5,6.7,80.0,12.4,301.1,21
354170120,�EBA,2023,8,29.2,21.8,10.0,14.2,17.8,7.3,109.5,15.6,193.6,18
354170120,�EBA,2023,9,28.6,22.7,6.5,13.1,17.4,1.8,27.4,10.4,260.1,7
354170120,�EBA,2023,10,24.3,13.6,2.7,7.7,10.6,0.3,76.2,11.7,95.1,21
354170120,�EBA,2023,11,14.6,6.9,-6.7,2.2,4.6,-8.6,124.9,30.4,36.3,16
354170120,�EBA,2023,12,8.7,4.4,-6.1,0.7,2.6,-10.3,85.0,17.5,16.3,14
354170125,L�BORK,2023,1,15.7,5.6,-4.7,1.5,3.5,-7.8,81.0,14.4,0.0,22
354170125,L�BORK,2023,2,9.8,4.8,-8.4,-0.4,2.0,-12.2,59.9,11.7,0.0,18
354170125,L�BORK,2023,3,18.3,8.1,-10.4,0.5,4.0,-12.0,52.6,8.9,102.4,22
354170125,L�BORK,2023,4,23.8,12.7,-4.8,3.3,7.4,-7.5,31.7,10.0,213.0,14
354170125,L�BORK,2023,5,25.4,18.6,-1.5,5.6,12.5,-5.5,10.2,8.5,358.2,5
354170125,L�BORK,2023,6,31.0,23.8,0.1,10.8,17.3,-4.5,34.7,11.8,324.1,10
354170125,L�BORK,2023,7,30.3,23.1,9.2,12.6,17.7,5.9,82.0,16.2,257.8,21
354170125,L�BORK,2023,8,31.6,23.4,10.1,14.5,18.3,6.3,64.4,20.4,178.1,16
354170125,L�BORK,2023,9,29.2,23.8,4.7,12.6,17.8,2.2,16.6,6.9,252.9,19
354170125,L�BORK,2023,10,24.8,13.9,1.0,7.0,10.2,-2.3,139.7,25.2,87.2,25
354170125,L�BORK,2023,11,15.0,6.6,-10.1,1.7,4.1,-6.8,155.9,42.5,45.5,28
354170125,L�BORK,2023,12,0.0,0.0,0.0,0.0,0.0,0.0,85.7,11.4,0.0,25
354180135,HEL,2023,1,12.6,5.1,-2.4,2.1,3.6,-4.1,31.5,6.3,30.3,15
354180135,HEL,2023,2,7.9,4.4,-3.7,0.8,2.6,-7.4,42.1,10.5,77.3,5
354180135,HEL,2023,3,12.9,6.7,-4.7,1.3,3.6,-8.4,32.7,6.7,127.0,12
354180135,HEL,2023,4,20.4,10.4,-2.8,4.2,6.8,-5.5,15.5,6.6,206.0,9
354180135,HEL,2023,5,22.9,16.8,1.4,7.5,11.8,-1.4,15.9,15.2,349.8,2
354180135,HEL,2023,6,28.4,21.3,4.4,12.9,16.8,1.0,51.3,22.0,332.4,7
354180135,HEL,2023,7,26.1,21.9,13.2,15.0,18.0,10.2,74.8,10.2,250.5,23
354180135,HEL,2023,8,29.4,22.1,11.8,15.9,18.6,10.7,121.4,23.2,0.0,17
354180135,HEL,2023,9,24.7,21.1,9.0,14.8,17.6,6.6,21.9,9.9,266.8,7
354180135,HEL,2023,10,22.1,13.5,4.8,9.0,11.1,2.7,87.3,16.1,92.6,21
354180135,HEL,2023,11,12.5,7.0,-3.0,3.7,5.3,-6.3,113.6,41.3,57.6,15
354180135,HEL,2023,12,9.4,4.5,-3.2,1.6,3.1,-4.8,53.9,13.3,29.3,13
354180155,GDA�SK-�WIBNO,2023,1,15.2,4.9,-2.8,1.3,3.0,-3.8,21.4,6.2,0.0,10
354180155,GDA�SK-�WIBNO,2023,2,9.3,4.6,-6.4,-0.4,2.0,-8.1,14.7,4.6,76.6,5
354180155,GDA�SK-�WIBNO,2023,3,16.3,8.1,-5.5,0.4,3.7,-7.1,18.1,3.3,139.1,12
354180155,GDA�SK-�WIBNO,2023,4,22.6,10.7,-2.2,4.2,7.2,-4.5,16.2,9.3,194.3,9
354180155,GDA�SK-�WIBNO,2023,5,25.3,17.2,0.4,7.2,12.4,-2.1,12.8,11.7,345.3,2
354180155,GDA�SK-�WIBNO,2023,6,30.2,21.8,6.1,13.0,17.4,2.7,40.0,20.6,335.1,8
354180155,GDA�SK-�WIBNO,2023,7,29.5,23.5,9.6,13.2,17.9,7.9,82.1,22.0,256.3,21
354180155,GDA�SK-�WIBNO,2023,8,34.4,23.6,10.0,15.7,19.1,8.3,71.8,19.5,199.4,17
354180155,GDA�SK-�WIBNO,2023,9,29.6,23.5,7.3,13.0,17.9,5.5,13.5,5.8,261.3,7
354180155,GDA�SK-�WIBNO,2023,10,25.8,14.2,2.3,7.2,10.3,-0.1,68.2,13.0,96.8,18
354180155,GDA�SK-�WIBNO,2023,11,0.0,0.0,0.0,0.0,0.0,0.0,87.6,44.7,0.0,13
354180155,GDA�SK-�WIBNO,2023,12,9.9,3.9,-7.8,-0.4,1.9,-10.7,22.2,4.9,27.0,14
354190160,ELBL�G-MILEJEWO,2023,1,13.3,3.2,-5.2,0.2,1.6,-4.7,55.9,13.0,15.8,12
354190160,ELBL�G-MILEJEWO,2023,2,7.5,2.6,-5.7,-1.2,0.5,-9.2,59.8,14.0,77.7,6
354190160,ELBL�G-MILEJEWO,2023,3,14.9,6.2,-5.4,0.2,2.8,-9.6,59.7,11.9,135.4,9
354190160,ELBL�G-MILEJEWO,2023,4,21.3,11.2,-1.7,3.8,7.0,-4.3,29.0,4.2,203.0,13
354190160,ELBL�G-MILEJEWO,2023,5,23.6,17.1,0.9,7.9,12.4,-1.0,7.1,5.0,352.2,4
354190160,ELBL�G-MILEJEWO,2023,6,28.2,21.7,5.7,12.8,17.0,2.8,42.2,11.9,340.4,10
354190160,ELBL�G-MILEJEWO,2023,7,28.2,22.0,10.1,13.3,17.1,7.8,85.3,13.1,286.0,20
354190160,ELBL�G-MILEJEWO,2023,8,32.0,22.7,9.4,15.3,18.5,8.1,116.5,25.1,209.0,18
354190160,ELBL�G-MILEJEWO,2023,9,26.7,22.1,8.7,13.6,17.5,6.3,25.7,7.2,276.7,11
354190160,ELBL�G-MILEJEWO,2023,10,23.6,12.2,0.4,6.2,8.8,-0.7,62.0,9.3,100.0,23
354190160,ELBL�G-MILEJEWO,2023,11,13.5,4.9,-9.9,0.6,2.6,-13.4,119.3,29.2,52.0,11
354190160,ELBL�G-MILEJEWO,2023,12,7.9,2.2,-8.4,-1.2,0.5,-12.9,70.1,13.7,18.2,15
354210185,K�TRZYN,2023,1,15.5,3.4,-6.4,0.2,1.7,-5.7,43.9,12.5,12.6,10
354210185,K�TRZYN,2023,2,8.4,3.7,-8.4,-1.6,0.8,-11.1,40.2,15.3,76.5,5
354210185,K�TRZYN,2023,3,16.5,7.3,-6.3,-0.3,3.1,-10.0,42.6,8.5,114.2,9
354210185,K�TRZYN,2023,4,22.6,13.3,-4.5,3.5,8.1,-6.6,17.8,5.0,172.6,10
354210185,K�TRZYN,2023,5,25.3,19.2,-0.9,6.2,13.1,-4.3,4.3,3.1,311.0,6
354210185,K�TRZYN,2023,6,31.2,24.2,0.9,10.8,17.8,-1.8,57.2,26.8,0.0,12
354210185,K�TRZYN,2023,7,35.0,24.6,9.5,12.9,18.3,7.1,61.2,25.3,246.9,21
354210185,K�TRZYN,2023,8,35.5,26.3,9.9,15.5,20.2,7.6,64.3,17.7,194.3,13
354210185,K�TRZYN,2023,9,29.8,24.4,6.1,12.5,18.0,4.6,19.7,8.2,265.7,6
354210185,K�TRZYN,2023,10,25.0,13.0,1.2,6.2,9.3,-0.9,93.5,18.6,80.7,19
354210185,K�TRZYN,2023,11,13.5,5.6,-12.1,-0.1,2.6,-16.6,51.9,12.9,60.4,10
354210185,K�TRZYN,2023,12,8.3,2.7,-7.3,-0.8,1.0,-10.9,40.1,8.3,19.7,11
354220195,SUWA�KI,2023,1,13.7,2.6,-9.8,-0.7,0.8,-9.0,56.3,10.1,6.6,8
354220195,SUWA�KI,2023,2,7.1,2.0,-11.3,-2.8,-0.4,-14.4,36.7,12.1,45.3,4
354220195,SUWA�KI,2023,3,16.1,6.8,-11.6,-1.5,2.5,-18.2,40.4,10.1,108.0,9
354220195,SUWA�KI,2023,4,22.1,12.6,-4.9,3.0,7.8,-8.5,34.6,9.5,153.4,10
354220195,SUWA�KI,2023,5,24.7,18.2,-2.2,4.8,12.2,-5.7,22.2,10.8,290.7,5
354220195,SUWA�KI,2023,6,29.2,22.9,0.4,10.6,17.0,-2.8,56.1,16.3,274.4,10
354220195,SUWA�KI,2023,7,33.4,24.0,7.4,12.1,18.0,4.5,21.9,4.2,234.7,16
354220195,SUWA�KI,2023,8,33.0,25.8,8.4,14.7,19.8,5.9,88.8,23.2,184.1,15
354220195,SUWA�KI,2023,9,28.3,23.5,5.0,10.8,16.9,1.5,7.4,2.3,251.3,4
354220195,SUWA�KI,2023,10,23.6,12.0,-0.9,5.0,8.2,-3.3,98.3,25.9,69.8,19
354220195,SUWA�KI,2023,11,13.3,4.3,-11.9,-0.5,1.7,-14.5,45.8,18.5,22.3,8
354220195,SUWA�KI,2023,12,7.5,1.8,-8.8,-1.4,0.3,-16.8,54.9,6.7,2.9,11
