Kod_stacji, Nazwa_stacji, Rok, Miesiac, Srednie_miesieczne_zachmurzenie_ogolne, Status_pomiaru_NOS, Srednia_miesieczna_predkosc_wiatru, Status_pomiaru_FWS, Srednia_miesieczna_temperatura, Status_pomiaru_TEMP, Srednie_miesieczne_cisnienie_pary_wodnej, Status_pomiaru_CPW, Srednia_miesieczna_wilgotnosc_wzgledna, Status_pomiaru_WLGS, Srednie_miesieczne_cisnienie_na_poziomie_stacji, Status_pomiaru_PPPS, Srednie_miesieczne_cisnienie_na_pozimie_morza, Status_pomiaru_PPPM, Suma_opadu_dzien, Status_pomiaru_WODZ, Suma_opadu_noc, Status_pomiaru_WONO
349190600,BIELSKO-BIA�A,2023,01,.0,8,4.0,,3.1,,6.2,,80.7,,968.6,,1017.8,,37.5,,49.3,
349190600,BIELSKO-BIA�A,2023,02,.0,8,4.3,,1.4,,5.5,,77.7,,975.5,,1025.3,,28.2,,21.7,
349190600,BIELSKO-BIA�A,2023,03,.0,8,4.6,,5.6,,6.1,,66.1,,963.8,,1012.3,,23.8,,14.2,
349190600,BIELSKO-BIA�A,2023,04,.0,8,2.8,,7.1,,7.3,,72.7,,967.9,,1016.3,,31.4,,24.7,
349190600,BIELSKO-BIA�A,2023,05,.0,8,2.9,,12.4,,10.0,,71.2,,972.7,,1020.4,,53.1,,56.8,
349190600,BIELSKO-BIA�A,2023,06,.0,8,2.7,,17.3,,13.6,,69.3,,970.0,,1016.7,,19.1,,29.5,
349190600,BIELSKO-BIA�A,2023,07,.0,8,2.9,,19.8,,15.2,,67.5,,967.8,,1014.0,,101.8,,33.8,
349190600,BIELSKO-BIA�A,2023,08,.0,8,3.0,,19.5,,17.2,,76.5,,968.2,,1014.5,,63.3,,49.1,
349190600,BIELSKO-BIA�A,2023,09,.0,8,2.7,,17.8,,15.2,,76.2,,973.2,,1020.0,,55.7,,45.8,
349190600,BIELSKO-BIA�A,2023,10,.0,8,4.0,,12.9,,10.7,,72.2,,966.2,,1013.4,,40.4,,60.3,
349190600,BIELSKO-BIA�A,2023,11,.0,8,4.4,,5.4,,6.8,,75.0,,960.1,,1008.4,,32.5,,41.2,
349190600,BIELSKO-BIA�A,2023,12,.0,8,4.8,,3.1,,5.6,,73.9,,965.7,,1014.6,,34.8,,39.4,
349190625,ZAKOPANE,2023,01,.0,8,1.4,,-.4,,5.2,,85.8,,916.0,,.0,8,56.3,,53.9,
349190625,ZAKOPANE,2023,02,.0,8,2.0,,-2.1,,4.3,,78.9,,922.0,,.0,8,28.0,,29.3,
349190625,ZAKOPANE,2023,03,.0,8,2.0,,2.5,,5.0,,67.8,,911.9,,.0,8,19.6,,17.5,
349190625,ZAKOPANE,2023,04,.0,8,1.5,,4.1,,6.2,,75.1,,915.5,,.0,8,40.7,,39.4,
349190625,ZAKOPANE,2023,05,.0,8,1.6,,10.0,,8.9,,73.6,,921.2,,.0,8,80.0,,33.7,
349190625,ZAKOPANE,2023,06,.0,8,1.3,,14.2,,12.3,,76.5,,919.5,,.0,8,94.8,,53.1,
349190625,ZAKOPANE,2023,07,.0,8,1.4,,16.9,,13.5,,72.3,,918.2,,.0,8,127.0,,45.5,
349190625,ZAKOPANE,2023,08,.0,8,1.2,,17.4,,15.4,,78.6,,918.6,,.0,8,62.9,,125.4,
349190625,ZAKOPANE,2023,09,.0,8,1.3,,14.9,,13.1,,79.5,,923.2,,.0,8,86.2,,43.5,
349190625,ZAKOPANE,2023,10,.0,8,1.7,,9.6,,9.3,,78.4,,915.7,,.0,8,63.3,,49.1,
349190625,ZAKOPANE,2023,11,.0,8,2.1,,2.0,,5.8,,81.0,,908.3,,.0,8,66.2,,47.0,
349190625,ZAKOPANE,2023,12,.0,8,2.0,,.1,,4.9,,78.6,,913.4,,.0,8,17.0,,17.5,
349190650,KASPROWY WIERCH,2023,01,6.1,,7.3,,-4.9,,3.5,,80.3,,794.0,,.0,8,90.3,,85.1,
349190650,KASPROWY WIERCH,2023,02,5.8,,7.6,,-7.5,,2.7,,75.2,,798.0,,.0,8,67.8,,68.5,
349190650,KASPROWY WIERCH,2023,03,6.3,,7.3,,-4.8,,3.6,,80.7,,791.0,,.0,8,63.3,,51.0,
349190650,KASPROWY WIERCH,2023,04,6.8,,5.3,,-3.7,,4.4,,91.1,,794.4,,.0,8,83.8,,76.0,
349190650,KASPROWY WIERCH,2023,05,5.3,,4.2,,3.1,,6.3,,81.1,,802.1,,.0,8,77.8,,39.9,
349190650,KASPROWY WIERCH,2023,06,6.1,,4.0,,6.9,,9.1,,89.9,,802.3,,.0,8,127.0,,53.2,
349190650,KASPROWY WIERCH,2023,07,5.4,,5.0,,9.8,,9.9,,82.3,,802.5,,.0,8,98.3,,25.5,
349190650,KASPROWY WIERCH,2023,08,5.7,,5.1,,11.2,,11.0,,82.5,,803.3,,.0,8,109.6,,132.0,
349190650,KASPROWY WIERCH,2023,09,4.5,,5.3,,9.1,,9.4,,82.6,,806.4,,.0,8,93.4,,49.5,
349190650,KASPROWY WIERCH,2023,10,6.4,,8.1,,3.2,,6.7,,85.6,,797.6,,.0,8,77.7,,77.4,
349190650,KASPROWY WIERCH,2023,11,6.9,,8.6,,-5.1,,4.1,,92.5,,787.6,,.0,8,101.7,,97.1,
349190650,KASPROWY WIERCH,2023,12,6.6,,8.6,,-4.9,,3.5,,81.3,,791.9,,.0,8,41.2,,34.5,
349200628,HALA G�SIENICOWA,2023,01,.0,8,3.6,,-2.3,,4.0,,76.1,,842.1,,.0,8,79.6,,57.5,
349200628,HALA G�SIENICOWA,2023,02,.0,8,3.2,,-4.9,,3.3,,73.4,,846.9,,.0,8,50.5,,53.7,
349200628,HALA G�SIENICOWA,2023,03,.0,8,3.8,,-1.3,,4.0,,70.1,,838.8,,.0,8,59.0,,42.1,
349200628,HALA G�SIENICOWA,2023,04,.0,8,2.5,,-.5,,4.9,,81.9,,842.4,,.0,8,79.3,,76.4,
349200628,HALA G�SIENICOWA,2023,05,.0,8,2.6,,6.1,,7.0,,74.7,,849.2,,.0,8,103.0,,50.2,
349200628,HALA G�SIENICOWA,2023,06,.0,8,2.3,,9.8,,10.0,,81.2,,848.7,,.0,8,146.8,,70.5,
349200628,HALA G�SIENICOWA,2023,07,.0,8,2.7,,12.9,,10.7,,73.1,,848.4,,.0,8,120.9,,27.3,
349200628,HALA G�SIENICOWA,2023,08,.0,8,2.8,,14.1,,12.1,,75.5,,849.0,,.0,8,109.6,,158.8,
349200628,HALA G�SIENICOWA,2023,09,.0,8,3.3,,11.5,,10.6,,78.4,,852.6,,.0,8,128.9,,45.7,
349200628,HALA G�SIENICOWA,2023,10,.0,8,4.0,,6.6,,7.6,,77.2,,844.4,,.0,8,109.0,,90.5,
349200628,HALA G�SIENICOWA,2023,11,.0,8,4.2,,-1.7,,4.7,,84.5,,835.3,,.0,8,121.6,,92.5,
349200628,HALA G�SIENICOWA,2023,12,.0,8,3.6,,-1.4,,3.9,,72.3,,839.9,,.0,8,42.2,,41.3,
349200660,NOWY S�CZ,2023,01,.0,8,.0,8,2.6,,6.2,,83.7,,981.5,,1018.0,,36.4,,41.7,
349200660,NOWY S�CZ,2023,02,.0,8,2.3,,1.4,,5.3,,76.5,,987.8,,1024.7,,20.9,,19.3,
349200660,NOWY S�CZ,2023,03,.0,8,.0,8,5.6,,6.0,,66.9,,976.3,,1012.3,,20.4,,17.4,
349200660,NOWY S�CZ,2023,04,.0,8,1.8,,7.6,,7.5,,73.2,,980.0,,1015.9,,32.8,,33.0,
349200660,NOWY S�CZ,2023,05,.0,8,1.6,,12.6,,10.1,,71.0,,985.2,,1020.6,,31.2,,15.1,
349200660,NOWY S�CZ,2023,06,.0,8,1.4,,17.1,,14.1,,73.4,,982.0,,1016.7,,46.4,,22.9,
349200660,NOWY S�CZ,2023,07,.0,8,1.3,,19.7,,15.9,,71.7,,979.7,,1014.0,,140.8,,21.6,
349200660,NOWY S�CZ,2023,08,.0,8,1.2,,20.1,,18.0,,77.5,,980.2,,1014.5,,85.7,,76.1,
349200660,NOWY S�CZ,2023,09,.0,8,1.3,,17.3,,15.2,,79.5,,985.7,,1020.5,,61.1,,18.3,
349200660,NOWY S�CZ,2023,10,.0,8,.0,8,12.1,,.0,8,.0,8,978.7,,1014.0,,46.7,,30.9,
349200660,NOWY S�CZ,2023,11,.0,8,.0,8,4.8,,7.1,,80.9,,972.7,,1008.7,,20.6,,35.3,
349200660,NOWY S�CZ,2023,12,.0,8,.0,8,1.5,,5.7,,82.6,,978.4,,1015.0,,18.7,,23.0,
349210670,KROSNO,2023,01,.0,8,3.2,,2.5,,6.5,,88.0,,977.1,,1018.1,,38.8,,55.4,
349210670,KROSNO,2023,02,.0,8,3.4,,.4,,5.2,,80.7,,982.8,,1024.3,,25.6,,31.8,
349210670,KROSNO,2023,03,.0,8,3.7,,5.1,,6.1,,68.8,,971.9,,1012.3,,32.2,,19.0,
349210670,KROSNO,2023,04,.0,8,2.9,,7.6,,7.5,,72.5,,975.3,,1015.5,,21.1,,13.7,
349210670,KROSNO,2023,05,.0,8,2.6,,13.0,,10.2,,69.6,,980.8,,1020.4,,24.2,,12.5,
349210670,KROSNO,2023,06,.0,8,2.1,,16.7,,14.3,,76.2,,977.5,,1016.5,,73.7,,61.1,
349210670,KROSNO,2023,07,.0,8,2.6,,19.6,,16.1,,72.8,,975.3,,1013.8,,69.7,,29.5,
349210670,KROSNO,2023,08,.0,8,2.3,,20.2,,18.0,,77.5,,976.1,,1014.5,,42.1,,52.1,
349210670,KROSNO,2023,09,.0,8,2.5,,17.6,,15.4,,78.7,,981.5,,1020.5,,59.6,,9.9,
349210670,KROSNO,2023,10,.0,8,3.4,,11.9,,11.2,,79.8,,974.6,,1014.1,,50.3,,47.3,
349210670,KROSNO,2023,11,.0,8,3.4,,4.2,,7.3,,86.1,,968.4,,1008.7,,38.2,,44.8,
349210670,KROSNO,2023,12,.0,8,3.6,,1.1,,6.0,,89.3,,974.0,,1015.0,,30.6,,25.5,
349220690,LESKO,2023,01,.0,8,2.8,,2.4,,6.3,,85.2,,966.4,,1018.3,,34.3,,50.0,
349220690,LESKO,2023,02,.0,8,3.0,,.0,,.0,8,.0,8,971.7,,1024.4,,36.1,,30.2,
349220690,LESKO,2023,03,.0,8,3.2,,4.5,,5.8,,68.7,,961.4,,1012.7,,45.6,,38.2,
349220690,LESKO,2023,04,.0,8,2.3,,6.7,,7.1,,73.0,,964.5,,1015.5,,53.7,,21.3,
349220690,LESKO,2023,05,.0,8,2.2,,12.5,,10.1,,70.9,,970.2,,1020.4,,25.9,,15.7,
349220690,LESKO,2023,06,.0,8,2.0,,16.1,,14.0,,77.8,,967.2,,1016.6,,68.1,,29.6,
349220690,LESKO,2023,07,.0,8,2.2,,18.8,,15.7,,74.3,,965.2,,1014.1,,85.3,,18.6,
349220690,LESKO,2023,08,.0,8,1.9,,19.7,,17.7,,78.3,,966.1,,1014.8,,34.8,,41.0,
349220690,LESKO,2023,09,.0,8,2.0,,16.8,,14.8,,79.5,,971.3,,1020.9,,45.5,,9.9,
349220690,LESKO,2023,10,.0,8,3.1,,11.8,,10.6,,76.0,,964.5,,1014.5,,31.2,,41.8,
349220690,LESKO,2023,11,.0,8,2.9,,4.2,,6.8,,80.9,,957.8,,1009.0,,33.5,,36.7,
349220690,LESKO,2023,12,.0,8,3.0,,1.3,,5.6,,82.9,,963.3,,1015.2,,34.7,,36.4,
350150500,JELENIA G�RA,2023,01,.0,8,2.9,,2.7,,6.2,,82.4,,974.7,,1017.1,,21.3,,13.0,
350150500,JELENIA G�RA,2023,02,.0,8,3.0,,1.1,,5.8,,82.8,,982.6,,1025.6,,28.1,,23.2,
350150500,JELENIA G�RA,2023,03,.0,8,3.0,,4.5,,6.5,,76.4,,969.5,,1011.4,,12.0,,18.0,
350150500,JELENIA G�RA,2023,04,.0,8,2.0,,5.9,,7.5,,80.9,,975.4,,1017.3,,36.9,,23.4,
350150500,JELENIA G�RA,2023,05,.0,8,2.5,,11.6,,9.8,,74.2,,979.7,,1021.0,,8.6,,20.5,
350150500,JELENIA G�RA,2023,06,.0,8,1.9,,16.2,,13.9,,77.5,,977.0,,1017.5,,18.3,,49.4,
350150500,JELENIA G�RA,2023,07,.0,8,2.2,,18.7,,14.9,,72.9,,973.5,,1013.5,,17.6,,45.0,
350150500,JELENIA G�RA,2023,08,.0,8,1.9,,18.0,,16.2,,79.7,,974.1,,1014.2,,73.4,,94.8,
350150500,JELENIA G�RA,2023,09,.0,8,1.7,,15.6,,13.9,,80.5,,979.0,,1019.7,,6.0,,17.4,
350150500,JELENIA G�RA,2023,10,.0,8,2.5,,11.1,,10.6,,81.0,,971.4,,1012.4,,27.8,,30.8,
350150500,JELENIA G�RA,2023,11,.0,8,3.1,,4.5,,6.9,,80.4,,965.7,,1007.4,,31.8,,37.8,
350150500,JELENIA G�RA,2023,12,.0,8,.0,8,1.9,,5.9,,82.6,,971.2,,1013.6,,28.1,,29.7,
350150510,�NIE�KA,2023,01,6.9,,13.5,,-4.5,,4.1,,90.2,,830.5,,.0,8,50.0,,56.1,
350150510,�NIE�KA,2023,02,6.2,,16.0,,-5.2,,3.4,,79.7,,836.5,,.0,8,29.3,,18.4,
350150510,�NIE�KA,2023,03,6.7,,12.3,,-3.2,,4.2,,83.1,,826.9,,.0,8,59.6,,71.1,
350150510,�NIE�KA,2023,04,6.5,,9.9,,-2.4,,4.9,,92.4,,832.9,,.0,8,54.0,,25.4,
350150510,�NIE�KA,2023,05,5.3,,8.7,,3.6,,6.4,,81.1,,839.7,,.0,8,29.0,,22.7,
350150510,�NIE�KA,2023,06,5.6,,8.6,,8.3,,9.2,,82.7,,839.8,,.0,8,43.7,,29.9,
350150510,�NIE�KA,2023,07,5.6,,8.3,,10.5,,9.7,,77.4,,837.8,,.0,8,26.7,,43.0,
350150510,�NIE�KA,2023,08,6.0,,8.4,,10.7,,11.3,,87.1,,838.2,,.0,8,103.5,,94.1,
350150510,�NIE�KA,2023,09,4.8,,8.5,,10.1,,10.0,,82.5,,842.2,,.0,8,6.1,,15.6,
350150510,�NIE�KA,2023,10,6.9,,12.8,,4.2,,7.6,,90.9,,832.6,,.0,8,53.2,,58.4,
350150510,�NIE�KA,2023,11,7.6,,13.8,,-3.9,,4.6,,96.2,,823.4,,.0,8,51.4,,82.3,
350150510,�NIE�KA,2023,12,7.3,,17.0,,-4.0,,4.1,,90.3,,827.7,,.0,8,78.2,,79.2,
350160520,K�ODZKO,2023,01,.0,8,3.6,,2.5,,6.5,,87.5,,973.6,,1017.7,,7.2,,5.9,
350160520,K�ODZKO,2023,02,.0,8,3.3,,1.3,,5.6,,80.8,,981.1,,1025.8,,6.4,,7.2,
350160520,K�ODZKO,2023,03,.0,8,4.0,,4.9,,6.5,,73.1,,968.4,,1011.9,,8.6,,8.6,
350160520,K�ODZKO,2023,04,.0,8,2.4,,6.3,,7.4,,76.8,,973.5,,1017.0,,38.3,,23.9,
350160520,K�ODZKO,2023,05,.0,8,2.1,,11.3,,9.6,,73.0,,978.0,,1021.0,,16.5,,17.3,
350160520,K�ODZKO,2023,06,.0,8,1.8,,16.2,,13.4,,73.8,,975.3,,1017.3,,32.9,,26.2,
350160520,K�ODZKO,2023,07,.0,8,2.3,,18.8,,14.4,,69.5,,972.3,,1013.8,,29.2,,52.2,
350160520,K�ODZKO,2023,08,.0,8,2.4,,18.8,,16.0,,75.6,,972.8,,1014.4,,50.4,,98.3,
350160520,K�ODZKO,2023,09,.0,8,2.2,,16.5,,14.1,,77.5,,977.8,,1019.9,,.0,,38.6,
350160520,K�ODZKO,2023,10,.0,8,3.3,,11.3,,10.9,,81.0,,970.5,,1013.1,,14.8,,32.9,
350160520,K�ODZKO,2023,11,.0,8,3.9,,4.4,,7.1,,81.6,,964.6,,1008.0,,34.7,,27.9,
350160520,K�ODZKO,2023,12,.0,8,4.1,,2.4,,6.1,,82.1,,970.4,,1014.4,,17.5,,17.7,
350170530,OPOLE,2023,01,.0,8,2.8,,3.5,,6.7,,84.2,,996.8,,1017.1,,21.7,,18.0,
350170530,OPOLE,2023,02,.0,8,3.1,,2.4,,5.9,,79.4,,1004.2,,1024.7,,26.9,,18.4,
350170530,OPOLE,2023,03,.0,8,2.9,,5.9,,6.7,,71.1,,991.3,,1011.4,,18.0,,10.8,
350170530,OPOLE,2023,04,.0,8,2.6,,8.0,,8.0,,74.7,,996.4,,1016.4,,30.1,,20.6,
350170530,OPOLE,2023,05,.0,8,2.4,,13.5,,9.7,,65.0,,1000.9,,1020.6,,35.6,,26.8,
350170530,OPOLE,2023,06,.0,8,.0,8,18.6,,13.8,,66.3,,997.3,,1016.6,,36.5,,32.1,
350170530,OPOLE,2023,07,.0,8,1.9,,20.7,,15.2,,65.5,,994.1,,1013.2,,38.4,,9.8,
350170530,OPOLE,2023,08,.0,8,1.9,,20.2,,17.4,,75.4,,994.7,,1013.8,,87.1,,44.0,
350170530,OPOLE,2023,09,.0,8,1.8,,18.2,,15.3,,75.7,,1000.1,,1019.4,,9.9,,24.4,
350170530,OPOLE,2023,10,.0,8,2.3,,12.4,,11.6,,80.3,,992.9,,1012.5,,42.5,,49.1,
350170530,OPOLE,2023,11,.0,8,2.9,,5.5,,7.4,,80.1,,987.5,,1007.5,,62.5,,47.4,
350170530,OPOLE,2023,12,.0,8,2.9,,2.9,,6.3,,81.5,,993.3,,1013.6,,20.9,,17.8,
350180540,RACIB�RZ,2023,01,.0,8,3.9,,3.5,,6.7,,84.0,,992.0,,1017.6,,10.6,,13.2,
350180540,RACIB�RZ,2023,02,.0,8,4.0,,2.3,,5.9,,79.0,,999.2,,1025.2,,14.9,,6.9,
350180540,RACIB�RZ,2023,03,.0,8,4.2,,5.8,,6.8,,72.7,,986.7,,1012.0,,9.0,,6.5,
350180540,RACIB�RZ,2023,04,.0,8,3.2,,7.7,,8.1,,76.6,,991.1,,1016.3,,35.4,,13.2,
350180540,RACIB�RZ,2023,05,.0,8,2.9,,13.2,,10.2,,68.9,,995.5,,1020.3,,30.6,,26.7,
350180540,RACIB�RZ,2023,06,.0,8,2.6,,18.0,,14.1,,69.2,,992.3,,1016.6,,27.7,,27.6,
350180540,RACIB�RZ,2023,07,.0,8,2.6,,20.1,,15.8,,69.8,,989.5,,1013.6,,37.3,,17.8,
350180540,RACIB�RZ,2023,08,.0,8,2.7,,19.9,,17.3,,76.2,,990.0,,1014.1,,34.1,,46.5,
350180540,RACIB�RZ,2023,09,.0,8,2.4,,18.0,,15.4,,76.7,,995.3,,1019.7,,23.7,,36.2,
350180540,RACIB�RZ,2023,10,.0,8,3.0,,12.6,,11.8,,80.2,,988.4,,1013.1,,36.8,,27.8,
350180540,RACIB�RZ,2023,11,.0,8,3.9,,5.4,,7.7,,83.3,,982.9,,1008.2,,27.8,,34.9,
350180540,RACIB�RZ,2023,12,.0,8,4.0,,2.6,,6.3,,84.1,,988.8,,1014.5,,19.0,,19.6,
350190550,CZ�STOCHOWA,2023,01,.0,8,2.5,,2.6,,6.5,,86.7,,980.6,,1017.1,,16.5,,25.6,
350190550,CZ�STOCHOWA,2023,02,.0,8,2.7,,1.1,,5.5,,80.3,,987.2,,1024.3,,40.6,,14.8,
350190550,CZ�STOCHOWA,2023,03,.0,8,2.6,,4.8,,6.4,,72.5,,975.3,,1011.4,,15.5,,15.2,
350190550,CZ�STOCHOWA,2023,04,.0,8,2.6,,7.7,,7.5,,72.2,,980.3,,1016.2,,22.7,,25.1,
350190550,CZ�STOCHOWA,2023,05,.0,8,2.5,,13.0,,9.0,,62.3,,985.5,,1020.9,,30.3,,22.1,
350190550,CZ�STOCHOWA,2023,06,.0,8,2.0,,17.9,,13.0,,64.7,,982.0,,1016.7,,19.6,,44.2,
350190550,CZ�STOCHOWA,2023,07,.0,8,.0,8,19.9,,14.8,,66.2,,978.9,,1013.3,,17.2,,71.8,
350190550,CZ�STOCHOWA,2023,08,.0,8,1.7,,19.9,,16.9,,74.3,,.0,8,.0,8,61.1,,49.7,
350190550,CZ�STOCHOWA,2023,09,.0,8,1.7,,18.1,,14.5,,72.0,,985.1,,1019.8,,6.1,,18.4,
350190550,CZ�STOCHOWA,2023,10,.0,8,1.9,,11.3,,11.3,,83.3,,977.4,,1012.8,,46.3,,39.3,
350190550,CZ�STOCHOWA,2023,11,.0,8,.0,8,4.2,,.0,8,85.0,,.0,8,.0,8,33.2,,39.2,
350190550,CZ�STOCHOWA,2023,12,.0,8,2.5,,1.7,,6.1,,86.7,,977.0,,1013.6,,37.7,,42.4,
350190560,KATOWICE-MUCHOWIEC,2023,01,.0,8,2.8,,2.9,,6.5,,85.5,,982.9,,1017.6,,28.0,,32.4,
350190560,KATOWICE-MUCHOWIEC,2023,02,.0,8,2.9,,1.3,,5.6,,80.1,,989.8,,1024.9,,45.2,,25.4,
350190560,KATOWICE-MUCHOWIEC,2023,03,.0,8,3.0,,5.4,,6.4,,70.5,,977.7,,1011.9,,16.8,,18.0,
350190560,KATOWICE-MUCHOWIEC,2023,04,.0,8,2.1,,7.9,,7.6,,72.1,,982.1,,1016.1,,18.2,,22.8,
350190560,KATOWICE-MUCHOWIEC,2023,05,.0,8,2.5,,12.9,,9.6,,66.3,,987.0,,1020.5,,42.5,,35.0,
350190560,KATOWICE-MUCHOWIEC,2023,06,.0,8,2.1,,17.7,,13.5,,68.3,,983.7,,1016.6,,37.2,,54.6,
350190560,KATOWICE-MUCHOWIEC,2023,07,.0,8,.0,8,19.8,,.0,8,70.6,,.0,8,.0,8,26.1,,40.7,
350190560,KATOWICE-MUCHOWIEC,2023,08,.0,8,2.0,,19.6,,17.8,,79.4,,981.6,,1014.2,,50.7,,46.1,
350190560,KATOWICE-MUCHOWIEC,2023,09,.0,8,1.6,,17.5,,15.3,,79.1,,986.9,,1020.0,,16.2,,27.7,
350190560,KATOWICE-MUCHOWIEC,2023,10,.0,8,2.5,,11.7,,11.5,,83.4,,979.8,,1013.3,,41.3,,38.8,
350190560,KATOWICE-MUCHOWIEC,2023,11,.0,8,3.0,,4.8,,7.5,,84.8,,974.0,,1008.1,,35.5,,46.6,
350190560,KATOWICE-MUCHOWIEC,2023,12,.0,8,3.3,,2.3,,6.2,,84.4,,979.7,,1014.3,,46.9,,36.6,
350190566,KRAK�W-BALICE,2023,01,6.7,,2.9,,2.5,,6.4,,86.7,,987.8,,1017.9,,22.9,,26.1,
350190566,KRAK�W-BALICE,2023,02,6.2,,4.1,,1.3,,5.6,,79.7,,994.5,,1024.9,,27.1,,22.5,
350190566,KRAK�W-BALICE,2023,03,5.8,,3.5,,5.4,,6.5,,71.3,,982.5,,1012.1,,12.2,,10.2,
350190566,KRAK�W-BALICE,2023,04,5.7,,3.0,,8.0,,7.6,,71.9,,986.7,,1016.1,,18.9,,24.1,
350190566,KRAK�W-BALICE,2023,05,4.9,,3.4,,12.9,,10.2,,70.0,,991.7,,1020.8,,43.3,,32.7,
350190566,KRAK�W-BALICE,2023,06,4.3,,2.9,,17.8,,13.9,,69.7,,988.3,,1016.8,,14.5,,33.9,
350190566,KRAK�W-BALICE,2023,07,4.2,,2.5,,20.2,,15.7,,69.4,,985.6,,1013.8,,64.6,,16.5,
350190566,KRAK�W-BALICE,2023,08,4.7,,2.0,,20.1,,17.9,,77.5,,986.2,,1014.4,,49.0,,51.8,
350190566,KRAK�W-BALICE,2023,09,3.5,,1.8,,17.7,,15.4,,78.4,,991.7,,1020.3,,55.7,,30.9,
350190566,KRAK�W-BALICE,2023,10,5.6,,2.8,,11.5,,11.3,,82.7,,984.6,,1013.6,,31.7,,35.9,
350190566,KRAK�W-BALICE,2023,11,6.4,,3.8,,4.7,,7.4,,84.6,,978.8,,1008.3,,34.4,,38.5,
350190566,KRAK�W-BALICE,2023,12,6.6,,4.2,,2.0,,6.1,,85.3,,984.5,,1014.5,,27.0,,27.3,
350200570,KIELCE-SUK�W,2023,01,.0,8,2.4,,2.0,,6.4,,89.7,,985.0,,1017.4,,17.4,,26.9,
350200570,KIELCE-SUK�W,2023,02,.0,8,.0,8,.6,,.0,8,81.2,,.0,8,.0,8,26.7,,24.0,
350200570,KIELCE-SUK�W,2023,03,.0,8,.0,8,4.0,,.0,8,76.0,,.0,8,.0,8,25.2,,13.3,
350200570,KIELCE-SUK�W,2023,04,.0,8,.0,8,7.5,,.0,8,74.2,,.0,8,.0,8,21.0,,31.5,
350200570,KIELCE-SUK�W,2023,05,.0,8,2.6,,12.6,,9.4,,65.9,,989.7,,1021.1,,39.3,,28.8,
350200570,KIELCE-SUK�W,2023,06,.0,8,1.9,,17.0,,13.6,,71.7,,985.9,,1016.7,,32.5,,10.9,
350200570,KIELCE-SUK�W,2023,07,.0,8,1.9,,19.3,,15.3,,71.8,,982.9,,1013.4,,48.3,,29.3,
350200570,KIELCE-SUK�W,2023,08,.0,8,1.8,,19.6,,18.0,,80.3,,983.7,,1014.2,,45.9,,44.2,
350200570,KIELCE-SUK�W,2023,09,.0,8,1.8,,17.1,,15.2,,80.6,,989.4,,1020.3,,22.9,,10.3,
350200570,KIELCE-SUK�W,2023,10,.0,8,2.1,,10.6,,11.3,,87.0,,981.7,,1013.1,,34.3,,44.1,
350200570,KIELCE-SUK�W,2023,11,.0,8,2.7,,3.4,,7.2,,89.4,,975.8,,1007.8,,26.0,,33.9,
350200570,KIELCE-SUK�W,2023,12,.0,8,.0,8,1.2,,6.2,,89.9,,981.1,,1013.6,,30.0,,24.1,
350200575,TARN�W,2023,01,.0,8,1.6,,3.3,,6.7,,85.8,,990.9,,1017.0,,28.7,,43.9,
350200575,TARN�W,2023,02,.0,8,1.8,,2.0,,5.6,,77.6,,997.9,,1024.3,,21.6,,14.7,
350200575,TARN�W,2023,03,.0,8,1.8,,6.1,,6.4,,67.9,,986.2,,1012.0,,20.4,,8.9,
350200575,TARN�W,2023,04,.0,8,1.5,,8.4,,7.9,,73.2,,990.2,,1015.8,,35.7,,23.3,
350200575,TARN�W,2023,05,.0,8,1.5,,13.5,,10.3,,68.6,,995.4,,1020.7,,44.6,,27.7,
350200575,TARN�W,2023,06,.0,8,.0,8,17.9,,14.4,,72.0,,991.8,,1016.6,,27.6,,11.6,
350200575,TARN�W,2023,07,.0,8,.0,8,20.6,,16.2,,70.1,,989.1,,1013.6,,129.9,,20.6,
350200575,TARN�W,2023,08,.0,8,.0,8,20.7,,18.5,,76.9,,989.8,,1014.3,,62.7,,65.9,
350200575,TARN�W,2023,09,.0,8,1.1,,17.9,,15.9,,80.0,,995.4,,1020.3,,65.2,,25.1,
350200575,TARN�W,2023,10,.0,8,.0,8,12.6,,.0,8,79.2,,.0,8,.0,8,15.2,,31.6,
350200575,TARN�W,2023,11,.0,8,1.6,,5.1,,7.5,,83.1,,982.6,,1008.3,,28.9,,36.0,
350200575,TARN�W,2023,12,.0,8,1.7,,2.5,,6.1,,82.2,,988.2,,1014.3,,.0,8,.0,8
350210585,SANDOMIERZ,2023,01,.0,8,3.2,,2.4,,6.6,,89.9,,990.1,,1017.3,,32.7,,28.2,
350210585,SANDOMIERZ,2023,02,.0,8,3.8,,1.0,,5.4,,80.3,,995.6,,1023.1,,17.4,,18.6,
350210585,SANDOMIERZ,2023,03,.0,8,3.5,,4.9,,6.4,,72.5,,984.5,,1011.3,,22.1,,9.4,
350210585,SANDOMIERZ,2023,04,.0,8,3.1,,8.4,,7.8,,72.3,,988.9,,1015.5,,21.8,,23.3,
350210585,SANDOMIERZ,2023,05,.0,8,2.8,,13.2,,9.9,,66.8,,994.6,,1021.0,,47.1,,22.9,
350210585,SANDOMIERZ,2023,06,.0,8,2.4,,17.6,,14.4,,72.4,,990.6,,1016.4,,25.3,,11.4,
350210585,SANDOMIERZ,2023,07,.0,8,2.5,,20.2,,16.4,,71.5,,987.5,,1013.0,,112.9,,27.3,
350210585,SANDOMIERZ,2023,08,.0,8,2.3,,20.5,,18.7,,78.4,,988.5,,1014.0,,47.2,,41.6,
350210585,SANDOMIERZ,2023,09,.0,8,2.2,,18.0,,16.0,,78.7,,994.3,,1020.1,,28.9,,3.7,
350210585,SANDOMIERZ,2023,10,.0,8,3.0,,11.3,,11.6,,85.4,,986.6,,1012.9,,27.8,,38.7,
350210585,SANDOMIERZ,2023,11,.0,8,3.4,,3.8,,7.3,,87.3,,980.8,,1007.7,,24.9,,30.3,
350210585,SANDOMIERZ,2023,12,.0,8,3.6,,1.3,,.0,8,.0,8,986.2,,1013.4,,19.7,,9.3,
350220580,RZESZ�W-JASIONKA,2023,01,6.9,,4.0,,3.1,,6.9,,89.0,,990.7,,1017.7,,34.5,,45.3,
350220580,RZESZ�W-JASIONKA,2023,02,6.4,,5.0,,1.5,,5.5,,79.2,,996.3,,1023.6,,20.8,,25.1,
350220580,RZESZ�W-JASIONKA,2023,03,5.9,,4.5,,5.5,,6.5,,70.7,,985.2,,1011.8,,38.4,,13.7,
350220580,RZESZ�W-JASIONKA,2023,04,5.9,,3.3,,8.2,,7.9,,74.0,,989.0,,1015.5,,31.9,,13.5,
350220580,RZESZ�W-JASIONKA,2023,05,4.8,,3.4,,13.2,,10.6,,71.0,,994.6,,1020.7,,29.4,,17.2,
350220580,RZESZ�W-JASIONKA,2023,06,5.0,,2.9,,17.4,,15.1,,76.8,,990.8,,1016.4,,28.2,,23.0,
350220580,RZESZ�W-JASIONKA,2023,07,4.7,,3.1,,20.7,,16.5,,70.5,,988.1,,1013.3,,36.4,,27.0,
350220580,RZESZ�W-JASIONKA,2023,08,4.5,,2.6,,20.8,,18.6,,77.3,,989.0,,1014.2,,43.5,,27.2,
350220580,RZESZ�W-JASIONKA,2023,09,3.1,,2.6,,17.7,,15.6,,79.4,,994.7,,1020.4,,35.8,,12.6,
350220580,RZESZ�W-JASIONKA,2023,10,5.5,,4.0,,12.1,,11.3,,79.4,,987.5,,1013.5,,45.2,,36.0,
350220580,RZESZ�W-JASIONKA,2023,11,6.2,,4.1,,4.5,,7.2,,83.5,,981.6,,1008.2,,36.0,,33.5,
350220580,RZESZ�W-JASIONKA,2023,12,6.5,,5.0,,1.8,,5.9,,83.3,,987.1,,1014.2,,35.0,,25.5,
350230595,ZAMO��,2023,01,.0,8,4.2,,2.4,,6.5,,87.3,,989.8,,1017.5,,30.7,,33.7,
350230595,ZAMO��,2023,02,.0,8,5.5,,.5,,5.1,,78.9,,994.6,,1022.6,,6.9,,22.3,
350230595,ZAMO��,2023,03,.0,8,4.8,,4.7,,6.3,,72.7,,983.9,,1011.3,,28.1,,16.0,
350230595,ZAMO��,2023,04,.0,8,3.6,,7.8,,7.9,,75.6,,988.4,,1015.5,,24.9,,20.8,
350230595,ZAMO��,2023,05,.0,8,3.3,,12.4,,9.8,,69.6,,994.4,,1021.3,,44.6,,17.0,
350230595,ZAMO��,2023,06,.0,8,2.9,,16.7,,14.3,,76.0,,990.1,,1016.4,,54.5,,26.7,
350230595,ZAMO��,2023,07,.0,8,3.3,,19.8,,15.8,,71.3,,987.0,,1013.0,,64.2,,44.1,
350230595,ZAMO��,2023,08,.0,8,2.9,,20.7,,17.8,,74.4,,988.3,,1014.2,,22.0,,35.0,
350230595,ZAMO��,2023,09,.0,8,2.4,,17.1,,15.1,,79.1,,994.2,,1020.6,,19.7,,5.5,
350230595,ZAMO��,2023,10,.0,8,4.5,,11.4,,11.1,,81.2,,986.3,,1013.0,,24.9,,54.2,
350230595,ZAMO��,2023,11,.0,8,4.4,,3.8,,7.0,,84.9,,980.5,,1007.8,,22.7,,24.1,
350230595,ZAMO��,2023,12,.0,8,5.6,,1.0,,5.9,,87.0,,985.6,,1013.3,,26.4,,20.6,
351150400,ZIELONA G�RA,2023,01,.0,8,3.2,,3.0,,6.9,,90.1,,991.9,,1015.8,,37.5,,22.2,
351150400,ZIELONA G�RA,2023,02,.0,8,3.2,,2.3,,6.1,,82.4,,1000.1,,1024.3,,37.1,,11.8,
351150400,ZIELONA G�RA,2023,03,.0,8,3.2,,5.0,,7.0,,78.3,,986.4,,1010.0,,28.7,,24.9,
351150400,ZIELONA G�RA,2023,04,.0,8,2.5,,7.7,,7.8,,73.5,,993.4,,1017.0,,34.0,,16.6,
351150400,ZIELONA G�RA,2023,05,.0,8,2.7,,13.6,,8.8,,58.3,,997.8,,1021.0,,19.0,,10.3,
351150400,ZIELONA G�RA,2023,06,.0,8,2.3,,19.0,,12.7,,58.9,,994.3,,1016.9,,29.8,,18.5,
351150400,ZIELONA G�RA,2023,07,.0,8,2.6,,20.4,,13.2,,57.7,,990.0,,1012.5,,17.7,,35.6,
351150400,ZIELONA G�RA,2023,08,.0,8,2.3,,19.5,,16.3,,73.3,,990.8,,1013.3,,61.4,,53.2,
351150400,ZIELONA G�RA,2023,09,.0,8,2.1,,18.7,,14.8,,70.0,,996.0,,1018.7,,9.3,,19.1,
351150400,ZIELONA G�RA,2023,10,.0,8,2.6,,11.5,,11.5,,85.0,,988.2,,1011.3,,34.0,,52.8,
351150400,ZIELONA G�RA,2023,11,.0,8,2.8,,4.7,,7.8,,88.6,,982.5,,1006.0,,28.6,,41.1,
351150400,ZIELONA G�RA,2023,12,.0,8,3.5,,2.7,,6.9,,90.7,,988.0,,1011.9,,47.1,,42.9,
351160415,LEGNICA,2023,01,.0,8,.0,8,4.2,,6.9,,82.8,,1000.9,,1016.4,,12.8,,9.1,
351160415,LEGNICA,2023,02,.0,8,.0,8,3.2,,6.3,,79.2,,1008.9,,1024.6,,15.6,,18.4,
351160415,LEGNICA,2023,03,.0,8,.0,8,6.0,,6.9,,72.7,,995.3,,1010.7,,10.9,,23.9,
351160415,LEGNICA,2023,04,.0,8,.0,8,7.9,,8.0,,74.2,,1001.5,,1016.8,,18.7,,17.1,
351160415,LEGNICA,2023,05,.0,8,2.6,,12.9,,9.8,,68.3,,1005.8,,1020.9,,20.6,,14.7,
351160415,LEGNICA,2023,06,.0,8,2.2,,18.1,,14.0,,68.6,,1002.1,,1016.9,,21.6,,36.0,
351160415,LEGNICA,2023,07,.0,8,2.7,,20.6,,14.2,,61.6,,998.2,,1012.9,,17.3,,24.5,
351160415,LEGNICA,2023,08,.0,8,2.6,,20.1,,16.7,,72.8,,998.9,,1013.6,,52.1,,83.0,
351160415,LEGNICA,2023,09,.0,8,2.2,,18.2,,14.9,,74.0,,1004.1,,1019.0,,1.5,,12.0,
351160415,LEGNICA,2023,10,.0,8,3.0,,12.6,,11.5,,79.5,,996.8,,1011.8,,22.6,,30.5,
351160415,LEGNICA,2023,11,.0,8,.0,8,5.8,,7.7,,80.8,,991.4,,1006.7,,32.5,,34.4,
351160415,LEGNICA,2023,12,.0,8,.0,8,3.5,,6.6,,82.3,,997.1,,1012.7,,22.8,,23.6,
351160418,LESZNO,2023,01,.0,8,3.6,,3.4,,6.8,,86.1,,1004.4,,1016.0,,23.5,,14.3,
351160418,LESZNO,2023,02,.0,8,4.1,,2.4,,6.0,,80.3,,1012.3,,1024.1,,33.8,,10.0,
351160418,LESZNO,2023,03,.0,8,.0,8,5.0,,.0,8,77.4,,.0,8,.0,8,17.8,,18.2,
351160418,LESZNO,2023,04,.0,8,3.2,,7.7,,8.0,,75.8,,1005.4,,1016.8,,24.2,,7.0,
351160418,LESZNO,2023,05,.0,8,3.3,,13.2,,9.4,,64.1,,1009.9,,1021.2,,14.3,,9.5,
351160418,LESZNO,2023,06,.0,8,2.7,,18.3,,13.1,,64.0,,1005.8,,1016.9,,27.2,,35.4,
351160418,LESZNO,2023,07,.0,8,2.8,,20.1,,13.9,,62.4,,1001.6,,1012.5,,7.2,,29.2,
351160418,LESZNO,2023,08,.0,8,2.6,,19.7,,17.1,,75.7,,1002.4,,1013.3,,54.6,,91.3,
351160418,LESZNO,2023,09,.0,8,2.2,,17.9,,14.7,,74.3,,1007.8,,1018.9,,7.3,,4.3,
351160418,LESZNO,2023,10,.0,8,2.9,,11.5,,11.5,,84.4,,1000.2,,1011.4,,53.4,,47.9,
351160418,LESZNO,2023,11,.0,8,3.5,,5.2,,7.8,,85.0,,994.7,,1006.2,,27.5,,42.7,
351160418,LESZNO,2023,12,.0,8,4.1,,2.9,,6.7,,86.9,,1000.4,,1012.0,,38.1,,32.8,
351160424,WROC�AW-STRACHOWICE,2023,01,6.8,,3.6,,4.0,,7.0,,85.6,,1001.5,,1016.6,,13.6,,10.2,
351160424,WROC�AW-STRACHOWICE,2023,02,6.2,,3.8,,2.9,,6.3,,80.5,,1009.2,,1024.5,,20.1,,13.6,
351160424,WROC�AW-STRACHOWICE,2023,03,6.2,,3.7,,6.0,,7.1,,74.6,,995.9,,1010.8,,11.4,,17.3,
351160424,WROC�AW-STRACHOWICE,2023,04,5.9,,2.8,,8.2,,8.2,,74.6,,1001.8,,1016.6,,26.4,,13.4,
351160424,WROC�AW-STRACHOWICE,2023,05,4.7,,3.1,,13.9,,9.8,,63.7,,1006.1,,1020.8,,10.3,,14.0,
351160424,WROC�AW-STRACHOWICE,2023,06,4.5,,2.7,,19.1,,14.0,,64.9,,1002.4,,1016.7,,33.0,,38.8,
351160424,WROC�AW-STRACHOWICE,2023,07,4.7,,2.8,,21.1,,14.9,,62.6,,998.7,,1012.9,,12.4,,29.5,
351160424,WROC�AW-STRACHOWICE,2023,08,5.1,,.0,8,20.4,,17.6,,74.5,,999.4,,1013.6,,55.6,,112.5,
351160424,WROC�AW-STRACHOWICE,2023,09,3.6,,2.2,,18.5,,15.6,,75.3,,1004.8,,1019.2,,1.8,,12.2,
351160424,WROC�AW-STRACHOWICE,2023,10,6.3,,3.0,,12.5,,12.0,,82.5,,997.4,,1012.0,,23.2,,33.5,
351160424,WROC�AW-STRACHOWICE,2023,11,6.6,,3.5,,5.6,,7.9,,84.1,,992.0,,1006.9,,36.1,,50.7,
351160424,WROC�AW-STRACHOWICE,2023,12,6.5,,4.0,,3.3,,6.8,,86.0,,997.8,,1012.9,,20.7,,32.4,
351180435,KALISZ,2023,01,.0,8,4.1,,3.3,,.0,8,.0,8,998.6,,1016.0,,19.5,,7.2,
351180435,KALISZ,2023,02,.0,8,4.5,,1.8,,6.3,,87.8,,1005.9,,1023.5,,19.4,,7.7,
351180435,KALISZ,2023,03,.0,8,4.2,,4.9,,.0,8,.0,8,993.0,,1010.2,,17.2,,10.8,
351180435,KALISZ,2023,04,.0,8,3.5,,8.1,,.0,8,.0,8,999.4,,1016.5,,15.0,,12.1,
351180435,KALISZ,2023,05,.0,8,3.4,,13.5,,.0,8,.0,8,1004.3,,1021.2,,21.5,,9.6,
351180435,KALISZ,2023,06,.0,8,3.0,,18.7,,.0,8,.0,8,1000.2,,1016.7,,13.2,,17.3,
351180435,KALISZ,2023,07,.0,8,3.2,,20.9,,.0,8,.0,8,996.2,,1012.5,,40.0,,7.9,
351180435,KALISZ,2023,08,.0,8,3.2,,20.2,,.0,8,.0,8,996.9,,1013.3,,31.5,,28.2,
351180435,KALISZ,2023,09,.0,8,2.8,,19.1,,.0,8,.0,8,1002.7,,1019.2,,8.9,,10.0,
351180435,KALISZ,2023,10,.0,8,3.8,,11.4,,.0,8,.0,8,994.8,,1011.6,,36.3,,19.0,
351180435,KALISZ,2023,11,.0,8,4.1,,4.7,,7.8,,87.6,,989.2,,1006.3,,37.9,,26.1,
351180435,KALISZ,2023,12,.0,8,4.9,,2.4,,6.7,,88.9,,994.6,,1011.9,,16.1,,26.9,
351180455,WIELU�,2023,01,.0,8,2.6,,3.3,,6.9,,87.8,,991.7,,1016.6,,18.9,,8.1,
351180455,WIELU�,2023,02,.0,8,3.0,,1.8,,5.9,,82.9,,998.7,,1024.0,,27.5,,18.5,
351180455,WIELU�,2023,03,.0,8,2.7,,5.1,,6.8,,76.1,,986.1,,1010.8,,13.0,,8.0,
351180455,WIELU�,2023,04,.0,8,2.5,,7.9,,7.9,,74.3,,991.8,,1016.3,,13.9,,16.5,
351180455,WIELU�,2023,05,.0,8,2.4,,13.1,,9.1,,62.7,,996.8,,1021.0,,10.1,,14.2,
351180455,WIELU�,2023,06,.0,8,.0,8,18.3,,12.7,,62.8,,993.0,,1016.7,,14.1,,34.3,
351180455,WIELU�,2023,07,.0,8,2.0,,20.2,,14.1,,62.7,,989.5,,1012.9,,36.4,,19.2,
351180455,WIELU�,2023,08,.0,8,1.9,,20.1,,16.3,,71.4,,990.1,,1013.6,,49.6,,29.3,
351180455,WIELU�,2023,09,.0,8,1.9,,18.4,,14.2,,70.0,,995.8,,1019.5,,1.1,,14.4,
351180455,WIELU�,2023,10,.0,8,2.3,,11.5,,11.6,,84.9,,988.1,,1012.2,,36.9,,38.0,
351180455,WIELU�,2023,11,.0,8,2.7,,4.6,,7.5,,86.2,,982.4,,1007.0,,21.4,,25.2,
351180455,WIELU�,2023,12,.0,8,3.2,,2.2,,6.3,,86.3,,987.9,,1012.8,,14.6,,28.4,
351190465,��D�-LUBLINEK,2023,01,7.2,,3.2,,3.2,,6.8,,87.5,,993.7,,1016.3,,17.3,,17.9,
351190465,��D�-LUBLINEK,2023,02,6.6,,3.9,,1.2,,5.6,,81.4,,1000.3,,1023.2,,43.2,,15.6,
351190465,��D�-LUBLINEK,2023,03,6.0,,3.2,,4.1,,6.4,,76.7,,988.1,,1010.4,,17.8,,24.9,
351190465,��D�-LUBLINEK,2023,04,5.6,,3.0,,8.0,,7.8,,73.3,,994.1,,1016.3,,27.0,,28.4,
351190465,��D�-LUBLINEK,2023,05,4.5,,3.3,,13.1,,8.8,,61.1,,999.5,,1021.3,,11.2,,11.1,
351190465,��D�-LUBLINEK,2023,06,4.5,,3.0,,17.9,,12.5,,63.7,,995.2,,1016.6,,12.0,,3.1,
351190465,��D�-LUBLINEK,2023,07,4.9,,2.5,,19.7,,13.9,,65.0,,991.4,,1012.6,,31.3,,20.0,
351190465,��D�-LUBLINEK,2023,08,5.2,,2.4,,19.7,,16.7,,74.6,,992.2,,1013.4,,67.7,,32.4,
351190465,��D�-LUBLINEK,2023,09,3.6,,1.9,,17.1,,14.5,,76.9,,998.1,,1019.7,,4.7,,9.1,
351190465,��D�-LUBLINEK,2023,10,6.2,,3.0,,10.6,,11.1,,85.4,,990.0,,1011.9,,57.7,,67.8,
351190465,��D�-LUBLINEK,2023,11,6.6,,3.2,,4.0,,7.3,,86.3,,984.4,,1006.6,,37.8,,27.2,
351190465,��D�-LUBLINEK,2023,12,7.3,,4.4,,1.9,,6.3,,87.2,,989.6,,1012.2,,27.2,,31.1,
351190469,SULEJ�W,2023,01,.0,8,3.5,,2.8,,6.7,,88.6,,992.9,,1016.6,,13.6,,19.5,
351190469,SULEJ�W,2023,02,.0,8,4.1,,1.0,,5.5,,81.7,,999.2,,1023.3,,29.2,,8.9,
351190469,SULEJ�W,2023,03,.0,8,3.8,,4.2,,6.5,,77.4,,987.2,,1010.8,,15.3,,9.9,
351190469,SULEJ�W,2023,04,.0,8,2.9,,7.8,,7.9,,75.3,,992.8,,1016.1,,17.6,,38.7,
351190469,SULEJ�W,2023,05,.0,8,2.8,,12.5,,9.5,,67.3,,998.2,,1021.2,,17.0,,24.1,
351190469,SULEJ�W,2023,06,.0,8,2.5,,17.4,,13.5,,70.0,,994.0,,1016.6,,13.6,,32.8,
351190469,SULEJ�W,2023,07,.0,8,2.5,,19.7,,14.9,,68.5,,990.5,,1012.8,,36.2,,13.6,
351190469,SULEJ�W,2023,08,.0,8,2.6,,20.0,,17.1,,75.6,,991.3,,1013.6,,46.2,,42.6,
351190469,SULEJ�W,2023,09,.0,8,2.1,,17.5,,14.9,,77.0,,997.2,,1019.8,,5.7,,4.6,
351190469,SULEJ�W,2023,10,.0,8,3.4,,10.9,,11.3,,85.2,,989.2,,1012.2,,29.6,,27.3,
351190469,SULEJ�W,2023,11,.0,8,3.8,,3.9,,7.3,,86.8,,983.5,,1007.0,,22.5,,19.6,
351190469,SULEJ�W,2023,12,.0,8,4.6,,1.7,,6.2,,87.3,,988.8,,1012.6,,23.7,,22.5,
351210488,KOZIENICE,2023,01,7.2,,2.4,,3.1,,6.9,,89.0,,1000.7,,1016.5,,30.8,,31.2,
351210488,KOZIENICE,2023,02,.0,8,3.1,,1.4,,5.5,,80.2,,1006.2,,1022.2,,18.7,,12.8,
351210488,KOZIENICE,2023,03,6.2,,2.7,,4.6,,6.5,,74.8,,994.8,,1010.4,,25.7,,12.7,
351210488,KOZIENICE,2023,04,.0,8,2.4,,8.4,,7.9,,72.9,,1000.3,,1015.8,,19.4,,16.2,
351210488,KOZIENICE,2023,05,.0,8,2.2,,12.6,,9.4,,66.9,,1006.0,,1021.4,,25.0,,26.9,
351210488,KOZIENICE,2023,06,.0,8,1.9,,17.5,,13.5,,69.9,,1001.3,,1016.4,,11.1,,14.0,
351210488,KOZIENICE,2023,07,.0,8,2.1,,20.1,,14.8,,66.5,,997.6,,1012.5,,36.2,,20.5,
351210488,KOZIENICE,2023,08,.0,8,1.8,,20.5,,17.5,,74.6,,998.7,,1013.5,,45.7,,30.5,
351210488,KOZIENICE,2023,09,.0,8,1.6,,17.3,,15.0,,78.1,,1005.0,,1019.9,,11.1,,1.5,
351210488,KOZIENICE,2023,10,.0,8,2.3,,11.0,,11.2,,83.6,,996.9,,1012.0,,23.9,,30.9,
351210488,KOZIENICE,2023,11,.0,8,2.7,,3.9,,7.1,,85.6,,991.4,,1006.9,,20.0,,22.0,
351210488,KOZIENICE,2023,12,.0,8,3.0,,1.8,,6.2,,86.9,,996.6,,1012.2,,18.9,,23.5,
351220495,LUBLIN-RADAWIEC,2023,01,.0,8,3.1,,2.2,,6.5,,89.8,,987.3,,1017.1,,31.1,,37.6,
351220495,LUBLIN-RADAWIEC,2023,02,.0,8,3.9,,.5,,5.3,,80.7,,992.2,,1022.4,,14.3,,23.0,
351220495,LUBLIN-RADAWIEC,2023,03,.0,8,3.4,,4.3,,6.4,,75.0,,981.4,,1010.9,,25.6,,10.9,
351220495,LUBLIN-RADAWIEC,2023,04,.0,8,2.9,,8.1,,8.0,,74.4,,986.5,,1015.7,,29.8,,32.7,
351220495,LUBLIN-RADAWIEC,2023,05,.0,8,2.3,,12.7,,9.5,,65.7,,992.5,,1021.4,,48.6,,23.0,
351220495,LUBLIN-RADAWIEC,2023,06,.0,8,.0,8,17.1,,13.9,,72.1,,988.1,,1016.5,,12.8,,25.6,
351220495,LUBLIN-RADAWIEC,2023,07,.0,8,.0,8,19.5,,15.5,,71.1,,984.8,,1012.8,,46.6,,41.1,
351220495,LUBLIN-RADAWIEC,2023,08,.0,8,2.0,,20.3,,17.6,,75.1,,986.0,,1013.9,,29.4,,39.2,
351220495,LUBLIN-RADAWIEC,2023,09,.0,8,1.9,,17.4,,15.2,,77.9,,991.9,,1020.3,,29.0,,4.2,
351220495,LUBLIN-RADAWIEC,2023,10,.0,8,2.8,,10.9,,11.2,,84.9,,983.7,,1012.5,,36.8,,37.1,
351220495,LUBLIN-RADAWIEC,2023,11,.0,8,3.3,,3.3,,7.0,,87.1,,977.9,,1007.3,,30.2,,21.0,
351220495,LUBLIN-RADAWIEC,2023,12,.0,8,3.8,,.8,,6.0,,89.8,,982.9,,1012.8,,23.8,,19.8,
351230497,W�ODAWA,2023,01,.0,8,4.2,,2.2,,6.6,,91.1,,994.7,,1017.1,,35.5,,40.4,
351230497,W�ODAWA,2023,02,.0,8,5.0,,.7,,5.4,,81.8,,998.9,,1021.6,,12.1,,27.8,
351230497,W�ODAWA,2023,03,.0,8,.0,8,4.3,,6.5,,76.7,,988.4,,1010.5,,23.7,,19.7,
351230497,W�ODAWA,2023,04,.0,8,3.5,,8.3,,7.9,,73.6,,993.8,,1015.7,,23.2,,17.7,
351230497,W�ODAWA,2023,05,.0,8,3.0,,13.2,,9.2,,62.6,,1000.0,,1021.7,,31.6,,59.5,
351230497,W�ODAWA,2023,06,.0,8,2.7,,17.2,,14.4,,74.3,,995.1,,1016.3,,27.4,,33.3,
351230497,W�ODAWA,2023,07,.0,8,3.0,,19.8,,15.6,,70.5,,991.5,,1012.5,,29.1,,46.6,
351230497,W�ODAWA,2023,08,.0,8,2.7,,21.0,,17.8,,73.6,,993.0,,1013.9,,10.4,,54.0,
351230497,W�ODAWA,2023,09,.0,8,2.5,,17.5,,14.7,,76.3,,999.2,,1020.5,,8.7,,5.3,
351230497,W�ODAWA,2023,10,.0,8,3.8,,10.6,,10.7,,82.7,,990.6,,1012.2,,17.1,,36.2,
351230497,W�ODAWA,2023,11,.0,8,4.2,,3.2,,6.8,,85.5,,985.0,,1007.1,,19.6,,22.1,
351230497,W�ODAWA,2023,12,.0,8,.0,8,.8,,5.9,,87.8,,989.8,,1012.3,,24.0,,24.4,
352140310,S�UBICE,2023,01,.0,8,3.5,,3.9,,7.2,,87.6,,1008.5,,1015.3,,28.3,,25.0,
352140310,S�UBICE,2023,02,.0,8,3.3,,2.7,,6.3,,82.6,,1017.4,,1024.3,,28.2,,10.5,
352140310,S�UBICE,2023,03,.0,8,3.3,,5.6,,7.2,,77.9,,1002.9,,1009.5,,40.2,,38.1,
352140310,S�UBICE,2023,04,.0,8,2.8,,7.8,,8.1,,76.4,,1010.5,,1017.2,,45.1,,12.7,
352140310,S�UBICE,2023,05,.0,8,2.9,,13.6,,9.3,,62.3,,1014.5,,1021.1,,31.0,,8.7,
352140310,S�UBICE,2023,06,.0,8,2.3,,18.6,,13.4,,64.6,,1010.7,,1017.2,,38.6,,34.1,
352140310,S�UBICE,2023,07,.0,8,2.8,,20.1,,13.7,,61.3,,1005.8,,1012.2,,14.7,,24.2,
352140310,S�UBICE,2023,08,.0,8,2.5,,19.5,,16.6,,74.8,,1006.7,,1013.1,,60.8,,36.4,
352140310,S�UBICE,2023,09,.0,8,2.3,,18.3,,14.1,,70.0,,1011.9,,1018.4,,3.9,,4.0,
352140310,S�UBICE,2023,10,.0,8,2.8,,11.7,,11.2,,81.4,,1004.3,,1010.8,,40.5,,53.1,
352140310,S�UBICE,2023,11,.0,8,3.3,,5.5,,7.7,,83.2,,998.8,,1005.4,,18.8,,45.0,
352140310,S�UBICE,2023,12,.0,8,3.6,,3.5,,6.9,,85.9,,1004.5,,1011.3,,36.8,,42.5,
352150300,GORZ�W WIELKOPOLSKI,2023,01,.0,8,3.0,,3.5,,7.0,,87.6,,1005.7,,1015.0,,30.2,,25.0,
352150300,GORZ�W WIELKOPOLSKI,2023,02,.0,8,3.2,,2.5,,6.0,,80.5,,1014.3,,1023.7,,30.3,,12.9,
352150300,GORZ�W WIELKOPOLSKI,2023,03,.0,8,2.9,,4.9,,7.0,,78.3,,1000.1,,1009.3,,41.8,,36.1,
352150300,GORZ�W WIELKOPOLSKI,2023,04,.0,8,2.9,,8.1,,7.8,,71.5,,1008.1,,1017.2,,34.2,,13.8,
352150300,GORZ�W WIELKOPOLSKI,2023,05,.0,8,3.0,,13.7,,8.8,,58.5,,1012.5,,1021.5,,16.0,,10.6,
352150300,GORZ�W WIELKOPOLSKI,2023,06,.0,8,2.4,,18.9,,12.8,,60.1,,1008.4,,1017.2,,15.1,,28.0,
352150300,GORZ�W WIELKOPOLSKI,2023,07,.0,8,2.7,,19.8,,13.3,,60.5,,1003.3,,1012.0,,24.5,,45.9,
352150300,GORZ�W WIELKOPOLSKI,2023,08,.0,8,2.4,,19.2,,16.4,,75.2,,1004.2,,1013.0,,74.4,,46.4,
352150300,GORZ�W WIELKOPOLSKI,2023,09,.0,8,2.0,,18.4,,14.8,,72.4,,1009.7,,1018.5,,5.3,,2.9,
352150300,GORZ�W WIELKOPOLSKI,2023,10,.0,8,2.5,,11.0,,11.4,,86.3,,1001.7,,1010.7,,44.2,,41.9,
352150300,GORZ�W WIELKOPOLSKI,2023,11,.0,8,2.7,,4.9,,8.0,,88.9,,996.0,,1005.1,,19.9,,41.2,
352150300,GORZ�W WIELKOPOLSKI,2023,12,.0,8,3.2,,2.8,,6.9,,90.2,,1001.6,,1010.8,,43.1,,46.5,
352160330,POZNA�-�AWICA,2023,01,7.1,,3.8,,3.4,,7.0,,89.1,,1004.4,,1015.5,,34.9,,18.4,
352160330,POZNA�-�AWICA,2023,02,6.1,,4.5,,2.2,,6.0,,82.1,,1012.2,,1023.4,,26.4,,13.7,
352160330,POZNA�-�AWICA,2023,03,6.2,,4.0,,4.8,,7.0,,79.2,,998.7,,1009.6,,24.9,,26.5,
352160330,POZNA�-�AWICA,2023,04,5.5,,3.7,,8.4,,8.0,,72.2,,1006.0,,1016.9,,22.2,,14.6,
352160330,POZNA�-�AWICA,2023,05,4.1,,3.9,,13.8,,8.9,,58.9,,1010.7,,1021.5,,27.6,,1.9,
352160330,POZNA�-�AWICA,2023,06,4.1,,3.3,,19.4,,12.2,,56.7,,1006.5,,1016.9,,15.0,,23.7,
352160330,POZNA�-�AWICA,2023,07,4.6,,3.5,,20.5,,12.8,,56.8,,1001.8,,1012.2,,49.6,,12.1,
352160330,POZNA�-�AWICA,2023,08,5.1,,3.1,,19.8,,15.9,,70.7,,1002.6,,1013.1,,95.2,,60.9,
352160330,POZNA�-�AWICA,2023,09,3.5,,2.8,,18.6,,14.2,,68.6,,1008.3,,1018.8,,1.1,,2.2,
352160330,POZNA�-�AWICA,2023,10,6.4,,3.5,,11.1,,11.0,,82.5,,1000.3,,1011.1,,45.6,,32.8,
352160330,POZNA�-�AWICA,2023,11,6.3,,3.8,,4.7,,7.5,,85.6,,994.8,,1005.7,,29.1,,55.4,
352160330,POZNA�-�AWICA,2023,12,7.1,,4.7,,2.7,,6.6,,86.1,,1000.1,,1011.2,,37.1,,39.6,
352180345,KO�O,2023,01,.0,8,.0,8,.0,8,.0,8,.0,8,.0,8,.0,8,.0,8,.0,8
352180345,KO�O,2023,02,.0,8,4.3,,1.6,,5.9,,84.2,,1008.7,,1022.7,,33.3,,13.5,
352180345,KO�O,2023,03,.0,8,4.0,,4.5,,6.9,,79.9,,996.0,,1009.7,,11.1,,15.7,
352180345,KO�O,2023,04,.0,8,.0,8,.0,8,.0,8,.0,8,.0,8,.0,8,.0,8,.0,8
352180345,KO�O,2023,05,.0,8,3.3,,13.2,,9.4,,64.0,,1008.2,,1021.6,,15.7,,3.8,
352180345,KO�O,2023,06,.0,8,.0,8,.0,8,.0,8,.0,8,.0,8,.0,8,.0,8,.0,8
352180345,KO�O,2023,07,.0,8,.0,8,.0,8,.0,8,.0,8,.0,8,.0,8,.0,8,.0,8
352180345,KO�O,2023,08,.0,8,2.8,,20.2,,16.6,,72.4,,1000.1,,1013.0,,33.1,,39.2,
352180345,KO�O,2023,09,.0,8,2.6,,18.4,,14.6,,72.2,,1006.1,,1019.2,,5.2,,9.6,
352180345,KO�O,2023,10,.0,8,3.6,,10.9,,11.1,,84.3,,997.8,,1011.2,,27.7,,22.6,
352180345,KO�O,2023,11,.0,8,.0,8,.0,8,.0,8,.0,8,.0,8,.0,8,.0,8,.0,8
352180345,KO�O,2023,12,.0,8,4.8,,2.3,,.0,8,.0,8,997.4,,1011.2,,33.5,,30.8,
352190360,P�OCK,2023,01,.0,8,3.9,,3.1,,6.9,,89.4,,1001.9,,1015.5,,13.1,,11.4,
352190360,P�OCK,2023,02,.0,8,4.0,,1.1,,5.7,,83.6,,1008.2,,1022.0,,18.6,,5.2,
352190360,P�OCK,2023,03,.0,8,3.7,,4.1,,6.7,,79.2,,996.0,,1009.5,,10.8,,10.0,
352190360,P�OCK,2023,04,.0,8,3.1,,8.2,,8.1,,74.0,,1003.0,,1016.5,,12.0,,8.7,
352190360,P�OCK,2023,05,.0,8,2.9,,12.9,,8.9,,61.8,,1008.5,,1021.7,,20.8,,8.3,
352190360,P�OCK,2023,06,.0,8,2.4,,17.6,,12.4,,63.7,,1003.6,,1016.6,,4.1,,19.8,
352190360,P�OCK,2023,07,.0,8,.0,8,19.6,,13.4,,61.9,,999.1,,1011.9,,39.7,,25.6,
352190360,P�OCK,2023,08,.0,8,2.8,,20.1,,16.1,,70.0,,1000.1,,1012.9,,24.1,,38.1,
352190360,P�OCK,2023,09,.0,8,2.3,,17.9,,14.1,,71.0,,1006.3,,1019.3,,5.1,,4.4,
352190360,P�OCK,2023,10,.0,8,3.7,,10.4,,10.4,,82.0,,997.7,,1011.0,,21.9,,32.0,
352190360,P�OCK,2023,11,.0,8,.0,8,.0,8,.0,8,.0,8,.0,8,.0,8,.0,8,.0,8
352190360,P�OCK,2023,12,.0,8,.0,8,.0,8,.0,8,.0,8,.0,8,.0,8,.0,8,.0,8
352200375,WARSZAWA-OK�CIE,2023,01,7.2,,3.4,,3.4,,6.8,,86.7,,1002.8,,1016.0,,19.8,,23.8,
352200375,WARSZAWA-OK�CIE,2023,02,6.5,,4.1,,1.4,,5.6,,80.6,,1008.6,,1022.0,,18.1,,14.1,
352200375,WARSZAWA-OK�CIE,2023,03,5.8,,3.4,,4.5,,6.5,,75.2,,996.8,,1010.0,,10.5,,13.3,
352200375,WARSZAWA-OK�CIE,2023,04,5.2,,3.6,,9.2,,8.0,,69.5,,1003.1,,1016.1,,17.2,,30.9,
352200375,WARSZAWA-OK�CIE,2023,05,4.1,,3.5,,14.0,,9.1,,58.5,,1008.9,,1021.7,,24.7,,17.5,
352200375,WARSZAWA-OK�CIE,2023,06,4.3,,2.8,,18.8,,13.1,,62.1,,1003.9,,1016.5,,24.5,,17.7,
352200375,WARSZAWA-OK�CIE,2023,07,4.7,,2.6,,20.9,,14.4,,61.1,,999.9,,1012.3,,28.0,,18.2,
352200375,WARSZAWA-OK�CIE,2023,08,4.7,,2.4,,21.1,,17.2,,70.0,,1000.8,,1013.2,,56.0,,32.6,
352200375,WARSZAWA-OK�CIE,2023,09,2.8,,2.2,,18.5,,14.8,,71.6,,1007.1,,1019.7,,8.2,,1.7,
352200375,WARSZAWA-OK�CIE,2023,10,5.6,,2.9,,11.0,,10.9,,82.1,,998.6,,1011.4,,34.4,,38.7,
352200375,WARSZAWA-OK�CIE,2023,11,6.5,,3.3,,3.9,,7.0,,84.4,,993.2,,1006.3,,30.8,,30.9,
352200375,WARSZAWA-OK�CIE,2023,12,7.0,,3.6,,2.1,,6.3,,86.9,,998.2,,1011.4,,32.8,,29.1,
352220385,SIEDLCE,2023,01,.0,8,2.9,,2.6,,6.6,,88.1,,997.0,,1016.4,,27.7,,32.8,
352220385,SIEDLCE,2023,02,.0,8,3.3,,1.0,,5.4,,79.8,,1001.9,,1021.5,,17.5,,15.9,
352220385,SIEDLCE,2023,03,.0,8,3.1,,4.1,,6.3,,74.6,,990.9,,1010.1,,11.0,,11.3,
352220385,SIEDLCE,2023,04,.0,8,2.6,,8.3,,7.7,,71.7,,997.1,,1016.2,,13.7,,24.2,
352220385,SIEDLCE,2023,05,.0,8,2.2,,12.7,,9.0,,63.5,,1003.1,,1022.0,,24.9,,18.5,
352220385,SIEDLCE,2023,06,.0,8,1.7,,17.1,,13.8,,72.0,,998.1,,1016.6,,23.8,,30.4,
352220385,SIEDLCE,2023,07,.0,8,2.1,,19.8,,14.8,,67.4,,994.1,,1012.4,,14.9,,35.6,
352220385,SIEDLCE,2023,08,.0,8,2.1,,20.6,,17.6,,74.2,,995.3,,1013.5,,32.9,,27.1,
352220385,SIEDLCE,2023,09,.0,8,1.9,,17.5,,14.4,,74.7,,1001.6,,1020.1,,13.0,,1.2,
352220385,SIEDLCE,2023,10,.0,8,2.8,,10.3,,10.6,,83.3,,992.8,,1011.6,,23.6,,23.0,
352220385,SIEDLCE,2023,11,.0,8,3.1,,3.3,,6.9,,86.3,,987.4,,1006.6,,32.3,,26.8,
352220385,SIEDLCE,2023,12,.0,8,3.5,,1.2,,6.2,,89.7,,992.1,,1011.5,,41.2,,30.1,
352230399,TERESPOL,2023,01,.0,8,3.1,,2.5,,6.6,,88.5,,999.6,,1016.9,,33.0,,41.2,
352230399,TERESPOL,2023,02,.0,8,3.2,,1.1,,5.4,,79.3,,1003.6,,1021.0,,10.5,,14.7,
352230399,TERESPOL,2023,03,.0,8,3.1,,4.4,,6.4,,75.1,,993.1,,1010.1,,17.7,,23.2,
352230399,TERESPOL,2023,04,.0,8,2.9,,8.8,,7.9,,71.0,,999.2,,1016.0,,7.9,,20.2,
352230399,TERESPOL,2023,05,.0,8,2.4,,13.3,,9.1,,61.9,,1005.3,,1022.0,,14.4,,35.7,
352230399,TERESPOL,2023,06,.0,8,2.0,,17.2,,14.4,,74.5,,1000.0,,1016.4,,46.9,,40.7,
352230399,TERESPOL,2023,07,.0,8,2.1,,19.7,,15.5,,70.4,,996.2,,1012.3,,17.3,,23.1,
352230399,TERESPOL,2023,08,.0,8,.0,8,.0,8,.0,8,.0,8,.0,8,.0,8,.0,8,.0,8
352230399,TERESPOL,2023,09,.0,8,2.0,,17.6,,14.7,,75.8,,1004.1,,1020.5,,7.8,,10.9,
352230399,TERESPOL,2023,10,.0,8,2.8,,10.3,,10.4,,81.6,,995.1,,1011.8,,20.4,,23.8,
352230399,TERESPOL,2023,11,.0,8,3.1,,3.3,,6.7,,82.6,,989.8,,1006.9,,21.5,,17.2,
352230399,TERESPOL,2023,12,.0,8,3.1,,1.1,,5.9,,86.1,,994.4,,1011.7,,22.2,,19.3,
353140200,�WINOUJ�CIE,2023,01,.0,8,4.1,,3.8,,7.1,,86.0,,1012.4,,1013.2,,38.1,,20.1,
353140200,�WINOUJ�CIE,2023,02,.0,8,.0,8,2.7,,.0,8,83.3,,.0,8,.0,8,27.5,,16.0,
353140200,�WINOUJ�CIE,2023,03,.0,8,4.1,,4.9,,7.0,,78.6,,1007.1,,1007.9,,27.9,,21.6,
353140200,�WINOUJ�CIE,2023,04,.0,8,5.5,,6.8,,7.8,,78.5,,1017.2,,1018.0,,15.4,,5.5,
353140200,�WINOUJ�CIE,2023,05,.0,8,4.3,,12.2,,9.9,,70.6,,1021.2,,1022.0,,4.5,,.8,
353140200,�WINOUJ�CIE,2023,06,.0,8,4.2,,17.0,,14.8,,76.3,,1017.2,,1017.9,,28.9,,18.9,
353140200,�WINOUJ�CIE,2023,07,.0,8,3.2,,18.3,,15.2,,73.7,,1010.5,,1011.2,,36.2,,25.6,
353140200,�WINOUJ�CIE,2023,08,.0,8,.0,8,18.0,,.0,8,84.2,,.0,8,.0,8,68.2,,43.3,
353140200,�WINOUJ�CIE,2023,09,.0,8,2.9,,17.9,,16.7,,82.0,,1017.0,,1017.8,,3.0,,12.1,
353140200,�WINOUJ�CIE,2023,10,.0,8,4.0,,11.1,,11.6,,86.5,,1008.7,,1009.4,,27.2,,41.9,
353140200,�WINOUJ�CIE,2023,11,.0,8,3.9,,5.5,,8.2,,87.6,,1002.8,,1003.6,,39.5,,29.2,
353140200,�WINOUJ�CIE,2023,12,.0,8,4.0,,3.1,,7.1,,90.8,,1008.2,,1009.0,,41.0,,21.4,
353140205,SZCZECIN,2023,01,.0,8,4.0,,4.0,,7.0,,83.8,,1013.1,,1014.0,,33.3,,22.3,
353140205,SZCZECIN,2023,02,.0,8,3.7,,2.6,,6.1,,80.8,,1022.2,,1023.1,,30.7,,19.0,
353140205,SZCZECIN,2023,03,.0,8,3.6,,5.1,,7.0,,76.6,,1007.6,,1008.5,,29.2,,22.9,
353140205,SZCZECIN,2023,04,.0,8,3.4,,8.0,,7.7,,71.9,,1016.6,,1017.5,,16.0,,7.5,
353140205,SZCZECIN,2023,05,.0,8,3.3,,13.2,,9.1,,62.1,,1020.8,,1021.7,,2.6,,4.5,
353140205,SZCZECIN,2023,06,.0,8,2.3,,18.0,,13.5,,66.6,,1016.6,,1017.5,,56.7,,6.7,
353140205,SZCZECIN,2023,07,.0,8,2.9,,18.8,,14.3,,68.4,,1010.6,,1011.5,,53.3,,15.2,
353140205,SZCZECIN,2023,08,.0,8,2.7,,18.5,,16.8,,79.1,,1011.7,,1012.6,,51.5,,36.4,
353140205,SZCZECIN,2023,09,.0,8,2.6,,17.6,,15.5,,78.1,,1017.1,,1018.0,,7.3,,6.1,
353140205,SZCZECIN,2023,10,.0,8,3.1,,11.0,,.0,8,.0,8,1009.0,,1009.9,,22.9,,33.5,
353140205,SZCZECIN,2023,11,.0,8,3.5,,5.4,,7.8,,84.7,,1003.3,,1004.2,,34.5,,23.5,
353140205,SZCZECIN,2023,12,.0,8,4.2,,3.3,,6.9,,86.5,,1008.9,,1009.8,,45.8,,27.9,
353150210,RESKO-SM�LSKO,2023,01,.0,8,4.0,,3.4,,6.9,,86.8,,1007.2,,1013.8,,42.1,,19.5,
353150210,RESKO-SM�LSKO,2023,03,.0,8,.0,8,.0,8,.0,8,.0,8,.0,8,.0,8,.0,8,.0,8
353150210,RESKO-SM�LSKO,2023,04,.0,8,3.2,,7.2,,.0,8,73.8,,1011.0,,1017.6,,13.1,,5.2,
353150210,RESKO-SM�LSKO,2023,05,.0,8,.0,8,12.1,,.0,8,63.7,,1015.5,,1021.9,,1.9,,4.2,
353150210,RESKO-SM�LSKO,2023,06,.0,8,2.5,,17.0,,12.8,,67.4,,1011.2,,1017.5,,17.4,,25.9,
353150210,RESKO-SM�LSKO,2023,07,.0,8,.0,8,18.0,,.0,8,70.8,,1005.1,,1011.4,,39.1,,14.3,
353150210,RESKO-SM�LSKO,2023,08,.0,8,.0,8,17.8,,.0,8,.0,8,1006.1,,1012.4,,100.6,,59.5,
353150210,RESKO-SM�LSKO,2023,09,.0,8,2.3,,17.5,,15.1,,77.3,,1011.8,,1018.1,,7.3,,.6,
353150210,RESKO-SM�LSKO,2023,10,.0,8,3.6,,10.5,,.0,8,.0,8,1003.3,,1009.7,,38.9,,51.7,
353150210,RESKO-SM�LSKO,2023,11,.0,8,3.3,,4.2,,.0,8,.0,8,997.5,,1004.0,,44.3,,27.5,
353150210,RESKO-SM�LSKO,2023,12,.0,8,.0,8,.0,8,.0,8,.0,8,.0,8,.0,8,.0,8,.0,8
353160230,PI�A,2023,01,.0,8,2.3,,3.1,,6.9,,88.9,,1005.5,,1014.7,,28.8,,27.5,
353160230,PI�A,2023,02,.0,8,2.5,,1.8,,5.8,,81.6,,1013.2,,1022.6,,27.3,,5.7,
353160230,PI�A,2023,03,.0,8,2.3,,4.0,,6.8,,79.9,,999.7,,1008.9,,28.5,,29.9,
353160230,PI�A,2023,04,.0,8,2.3,,7.9,,7.7,,72.3,,1008.0,,1017.1,,19.7,,12.1,
353160230,PI�A,2023,05,.0,8,2.4,,13.1,,8.3,,57.9,,1012.8,,1021.8,,11.4,,1.6,
353160230,PI�A,2023,06,.0,8,2.1,,18.5,,12.1,,59.3,,1008.3,,1017.1,,34.4,,22.9,
353160230,PI�A,2023,07,.0,8,2.1,,18.9,,13.4,,64.2,,1003.1,,1011.8,,48.4,,19.1,
353160230,PI�A,2023,08,.0,8,1.9,,18.7,,16.1,,76.0,,1004.0,,1012.7,,76.1,,38.4,
353160230,PI�A,2023,09,.0,8,1.6,,17.5,,14.6,,75.3,,1009.9,,1018.7,,2.1,,4.2,
353160230,PI�A,2023,10,.0,8,2.2,,10.1,,10.7,,85.5,,1001.5,,1010.5,,37.6,,38.5,
353160230,PI�A,2023,11,.0,8,2.0,,3.9,,7.5,,89.4,,995.8,,1005.0,,42.8,,38.8,
353160230,PI�A,2023,12,.0,8,2.7,,2.3,,6.7,,89.5,,1001.0,,1010.2,,42.2,,36.3,
353170235,CHOJNICE,2023,01,.0,8,4.2,,2.3,,6.7,,90.3,,992.8,,1014.2,,24.7,,23.0,
353170235,CHOJNICE,2023,02,.0,8,3.9,,1.0,,5.7,,85.2,,999.9,,1021.6,,29.1,,6.2,
353170235,CHOJNICE,2023,03,.0,8,3.8,,3.4,,6.5,,79.0,,987.0,,1008.3,,22.0,,19.9,
353170235,CHOJNICE,2023,04,.0,8,3.2,,7.3,,7.5,,72.9,,996.2,,1017.4,,10.1,,8.7,
353170235,CHOJNICE,2023,05,.0,8,3.0,,12.4,,8.2,,59.5,,.0,8,.0,8,11.7,,.2,
353170235,CHOJNICE,2023,06,.0,8,2.7,,17.7,,12.4,,63.3,,996.7,,1017.1,,40.1,,10.4,
353170235,CHOJNICE,2023,07,.0,8,3.0,,17.9,,13.5,,68.5,,991.3,,1011.6,,46.5,,45.6,
353170235,CHOJNICE,2023,08,.0,8,3.0,,18.3,,16.0,,77.1,,992.2,,1012.4,,40.4,,45.0,
353170235,CHOJNICE,2023,09,.0,8,2.6,,17.4,,14.7,,75.4,,998.3,,1018.7,,4.1,,6.1,
353170235,CHOJNICE,2023,10,.0,8,3.8,,9.5,,10.2,,84.2,,989.2,,1010.1,,21.8,,34.3,
353170235,CHOJNICE,2023,11,.0,8,3.5,,3.1,,7.1,,89.4,,983.4,,1004.6,,49.6,,45.0,
353170235,CHOJNICE,2023,12,.0,8,4.2,,1.3,,6.3,,90.7,,988.0,,1009.4,,40.8,,24.6,
353180250,TORU�,2023,01,.0,8,2.8,,3.1,,6.9,,88.3,,1006.0,,1015.0,,29.7,,12.6,
353180250,TORU�,2023,02,.0,8,2.9,,1.4,,5.8,,84.1,,1012.8,,1022.0,,29.1,,8.0,
353180250,TORU�,2023,03,.0,8,2.7,,4.1,,6.6,,78.1,,1000.0,,1009.0,,21.2,,24.2,
353180250,TORU�,2023,04,.0,8,2.8,,8.3,,7.9,,72.6,,1008.0,,1016.9,,18.6,,13.0,
353180250,TORU�,2023,05,.0,8,2.6,,13.5,,8.4,,57.2,,1013.1,,1021.8,,21.6,,2.5,
353180250,TORU�,2023,06,.0,8,2.2,,18.9,,12.3,,58.8,,1008.2,,1016.8,,19.9,,13.4,
353180250,TORU�,2023,07,.0,8,2.3,,19.8,,13.4,,61.6,,1003.4,,1011.9,,28.7,,10.4,
353180250,TORU�,2023,08,.0,8,2.3,,20.1,,15.9,,69.8,,1004.2,,1012.7,,19.1,,75.3,
353180250,TORU�,2023,09,.0,8,2.0,,18.3,,14.4,,70.8,,1010.4,,1019.0,,2.6,,9.7,
353180250,TORU�,2023,10,.0,8,2.6,,10.4,,10.3,,81.0,,1001.9,,1010.6,,22.6,,38.2,
353180250,TORU�,2023,11,.0,8,2.6,,3.8,,7.2,,86.8,,996.3,,1005.3,,53.5,,63.4,
353180250,TORU�,2023,12,.0,8,3.2,,2.1,,6.4,,88.0,,1001.2,,1010.2,,30.4,,30.0,
353200270,M�AWA,2023,01,.0,8,3.6,,2.4,,6.7,,90.7,,996.9,,1015.4,,32.1,,22.4,
353200270,M�AWA,2023,02,.0,8,3.8,,.8,,5.5,,83.4,,1002.6,,1021.4,,25.0,,11.2,
353200270,M�AWA,2023,03,.0,8,3.4,,3.5,,6.4,,78.7,,990.8,,1009.1,,17.4,,23.9,
353200270,M�AWA,2023,04,.0,8,.0,8,8.3,,7.9,,72.4,,998.5,,1016.7,,25.4,,19.4,
353200270,M�AWA,2023,05,.0,8,2.6,,13.5,,8.3,,55.0,,1004.1,,1022.1,,8.0,,9.2,
353200270,M�AWA,2023,06,.0,8,2.3,,18.4,,12.2,,59.9,,999.2,,1016.8,,14.3,,5.3,
353200270,M�AWA,2023,07,.0,8,2.4,,19.5,,13.6,,63.5,,994.5,,1011.9,,25.7,,42.0,
353200270,M�AWA,2023,08,.0,8,2.6,,20.2,,16.5,,71.2,,995.5,,1012.9,,11.5,,67.9,
353200270,M�AWA,2023,09,.0,8,2.0,,17.8,,14.5,,72.9,,1001.9,,1019.5,,8.6,,3.1,
353200270,M�AWA,2023,10,.0,8,3.2,,9.5,,10.3,,85.7,,992.8,,1010.8,,44.2,,35.7,
353200270,M�AWA,2023,11,.0,8,.0,8,3.0,,7.1,,89.4,,987.3,,1005.7,,36.4,,37.3,
353200270,M�AWA,2023,12,.0,8,4.1,,1.3,,6.3,,91.7,,991.8,,1010.4,,32.7,,31.3,
353200272,OLSZTYN,2023,01,.0,8,3.1,,2.2,,6.4,,88.1,,997.7,,1014.8,,27.3,,18.5,
353200272,OLSZTYN,2023,02,.0,8,3.2,,1.0,,5.4,,80.8,,1003.3,,1020.5,,35.7,,9.5,
353200272,OLSZTYN,2023,03,.0,8,3.0,,3.2,,6.1,,76.1,,991.5,,1008.4,,21.3,,18.6,
353200272,OLSZTYN,2023,04,.0,8,2.6,,7.8,,7.5,,71.8,,1000.3,,1017.1,,15.7,,24.2,
353200272,OLSZTYN,2023,05,.0,8,2.6,,13.1,,7.9,,54.8,,1005.8,,1022.4,,5.6,,6.9,
353200272,OLSZTYN,2023,06,.0,8,2.4,,17.9,,12.3,,62.1,,1000.8,,1017.0,,19.8,,22.5,
353200272,OLSZTYN,2023,07,.0,8,2.4,,18.7,,13.8,,67.0,,995.7,,1011.8,,8.8,,21.4,
353200272,OLSZTYN,2023,08,.0,8,2.4,,19.8,,16.6,,73.0,,996.7,,1012.7,,21.3,,106.0,
353200272,OLSZTYN,2023,09,.0,8,2.1,,17.6,,14.7,,74.8,,1003.1,,1019.4,,11.5,,13.2,
353200272,OLSZTYN,2023,10,.0,8,3.1,,9.4,,10.1,,84.1,,993.6,,1010.2,,29.1,,25.7,
353200272,OLSZTYN,2023,11,.0,8,2.9,,3.1,,6.9,,87.0,,988.2,,1005.1,,47.6,,30.2,
353200272,OLSZTYN,2023,12,.0,8,3.3,,1.2,,6.3,,91.0,,992.2,,1009.3,,27.6,,25.1,
353210280,MIKO�AJKI,2023,01,.0,8,3.9,,1.7,,6.4,,91.1,,999.1,,1015.1,,34.6,,18.2,
353210280,MIKO�AJKI,2023,02,.0,8,4.0,,.7,,5.5,,83.0,,1003.9,,1020.1,,32.6,,19.0,
353210280,MIKO�AJKI,2023,03,.0,8,3.9,,3.0,,6.2,,78.4,,992.5,,1008.5,,22.7,,16.3,
353210280,MIKO�AJKI,2023,04,.0,8,3.4,,7.9,,7.8,,74.3,,1001.3,,1017.1,,11.7,,26.8,
353210280,MIKO�AJKI,2023,05,.0,8,2.7,,13.0,,8.7,,59.3,,1007.1,,1022.7,,5.1,,4.1,
353210280,MIKO�AJKI,2023,06,.0,8,2.5,,18.0,,13.2,,65.1,,1001.7,,1016.9,,34.6,,16.5,
353210280,MIKO�AJKI,2023,07,.0,8,2.5,,18.9,,14.9,,70.5,,996.7,,1011.8,,19.6,,31.1,
353210280,MIKO�AJKI,2023,08,.0,8,2.8,,20.3,,17.7,,75.8,,997.8,,1012.8,,50.1,,79.8,
353210280,MIKO�AJKI,2023,09,.0,8,2.4,,17.9,,15.3,,75.6,,1004.3,,1019.6,,4.0,,6.8,
353210280,MIKO�AJKI,2023,10,.0,8,3.4,,9.3,,10.1,,85.2,,994.6,,1010.2,,67.9,,36.8,
353210280,MIKO�AJKI,2023,11,.0,8,3.6,,2.7,,6.8,,87.2,,989.5,,1005.4,,56.0,,19.0,
353210280,MIKO�AJKI,2023,12,.0,8,4.2,,1.0,,6.1,,90.8,,993.2,,1009.3,,35.2,,26.3,
353230295,BIA�YSTOK,2023,01,.0,8,2.6,,1.9,,.0,8,89.1,,997.0,,1016.0,,35.8,,32.7,
353230295,BIA�YSTOK,2023,02,.0,8,2.5,,.4,,5.3,,81.9,,1001.0,,1020.2,,25.6,,18.3,
353230295,BIA�YSTOK,2023,03,.0,8,2.6,,3.5,,6.1,,75.8,,990.4,,1009.1,,19.9,,30.2,
353230295,BIA�YSTOK,2023,04,.0,8,2.2,,8.2,,7.7,,71.9,,997.9,,1016.5,,15.0,,17.2,
353230295,BIA�YSTOK,2023,05,.0,8,1.9,,12.3,,8.6,,62.3,,1004.0,,1022.5,,25.1,,12.7,
353230295,BIA�YSTOK,2023,06,.0,8,1.7,,17.2,,13.3,,69.1,,998.5,,1016.5,,24.8,,40.8,
353230295,BIA�YSTOK,2023,07,.0,8,1.7,,18.7,,14.7,,71.4,,994.1,,1011.9,,24.9,,20.2,
353230295,BIA�YSTOK,2023,08,.0,8,1.6,,20.1,,16.9,,74.0,,995.6,,1013.4,,22.5,,20.4,
353230295,BIA�YSTOK,2023,09,.0,8,.0,8,16.8,,.0,8,76.5,,.0,8,.0,8,15.6,,2.9,
353230295,BIA�YSTOK,2023,10,.0,8,2.4,,9.3,,10.1,,85.0,,992.3,,1010.8,,57.9,,32.7,
353230295,BIA�YSTOK,2023,11,.0,8,2.3,,2.2,,6.6,,86.4,,987.3,,1006.1,,30.5,,23.9,
353230295,BIA�YSTOK,2023,12,.0,8,.0,8,.8,,.0,8,89.9,,.0,8,.0,8,27.3,,42.8,
354150100,KO�OBRZEG-D�WIRZYNO,2023,01,.0,8,4.9,,3.9,,7.0,,85.2,,1012.5,,1013.2,,31.9,,22.7,
354150100,KO�OBRZEG-D�WIRZYNO,2023,02,.0,8,5.9,,2.8,,6.3,,83.6,,1021.1,,1021.8,,32.2,,11.3,
354150100,KO�OBRZEG-D�WIRZYNO,2023,03,.0,8,5.4,,4.6,,7.0,,79.3,,1007.0,,1007.7,,22.7,,23.5,
354150100,KO�OBRZEG-D�WIRZYNO,2023,04,.0,8,5.8,,6.3,,7.8,,80.5,,1017.2,,1017.9,,14.9,,1.9,
354150100,KO�OBRZEG-D�WIRZYNO,2023,05,.0,8,4.8,,11.4,,9.6,,72.1,,1021.4,,1022.1,,.8,,11.0,
354150100,KO�OBRZEG-D�WIRZYNO,2023,06,.0,8,4.5,,15.7,,14.1,,78.3,,1017.1,,1017.8,,11.8,,18.7,
354150100,KO�OBRZEG-D�WIRZYNO,2023,07,.0,8,4.3,,18.0,,15.0,,73.6,,1010.5,,1011.1,,86.0,,31.7,
354150100,KO�OBRZEG-D�WIRZYNO,2023,08,.0,8,4.2,,17.7,,16.7,,82.5,,1011.5,,1012.2,,105.8,,79.7,
354150100,KO�OBRZEG-D�WIRZYNO,2023,09,.0,8,.0,8,17.7,,.0,8,78.6,,.0,8,.0,8,17.0,,3.9,
354150100,KO�OBRZEG-D�WIRZYNO,2023,10,.0,8,5.2,,11.3,,10.9,,80.3,,1008.5,,1009.2,,29.9,,67.7,
354150100,KO�OBRZEG-D�WIRZYNO,2023,11,.0,8,4.8,,5.2,,7.6,,82.6,,1002.9,,1003.6,,53.6,,38.1,
354150100,KO�OBRZEG-D�WIRZYNO,2023,12,.0,8,5.6,,3.3,,6.7,,85.0,,1008.0,,1008.7,,46.7,,21.1,
354160105,KOSZALIN,2023,01,.0,8,3.7,,3.7,,6.9,,85.3,,1009.1,,1013.4,,35.2,,23.2,
354160105,KOSZALIN,2023,02,.0,8,4.2,,2.6,,6.1,,81.8,,1017.3,,1021.7,,35.4,,12.4,
354160105,KOSZALIN,2023,03,.0,8,3.7,,4.5,,.0,8,.0,8,1003.6,,1007.8,,24.2,,14.9,
354160105,KOSZALIN,2023,04,.0,8,3.0,,7.3,,7.5,,72.7,,1013.6,,1017.9,,12.1,,3.6,
354160105,KOSZALIN,2023,05,.0,8,3.0,,12.7,,8.6,,60.8,,1018.0,,1022.2,,4.4,,5.0,
354160105,KOSZALIN,2023,06,.0,8,2.7,,17.0,,13.0,,68.0,,1013.6,,1017.7,,15.4,,41.0,
354160105,KOSZALIN,2023,07,.0,8,2.8,,17.7,,14.4,,72.6,,1007.2,,1011.3,,67.7,,32.9,
354160105,KOSZALIN,2023,08,.0,8,2.6,,17.7,,16.6,,82.7,,1008.2,,1012.3,,102.0,,73.5,
354160105,KOSZALIN,2023,09,.0,8,2.4,,17.8,,15.7,,77.7,,1014.0,,1018.1,,15.1,,1.5,
354160105,KOSZALIN,2023,10,.0,8,3.3,,10.7,,10.9,,83.4,,1005.3,,1009.4,,29.7,,44.9,
354160105,KOSZALIN,2023,11,.0,8,3.1,,4.6,,7.5,,85.8,,999.6,,1003.8,,39.1,,29.2,
354160105,KOSZALIN,2023,12,.0,8,4.1,,2.9,,6.8,,87.9,,1004.4,,1008.7,,34.3,,29.2,
354160115,USTKA,2023,01,.0,8,5.7,,3.9,,7.1,,85.5,,1011.4,,1012.9,,32.1,,20.1,
354160115,USTKA,2023,02,.0,8,6.2,,2.8,,6.3,,84.1,,1019.3,,1020.7,,35.0,,8.7,
354160115,USTKA,2023,03,.0,8,5.8,,4.4,,6.8,,78.0,,1005.8,,1007.2,,20.8,,16.7,
354160115,USTKA,2023,04,.0,8,5.9,,6.3,,7.8,,81.0,,1016.5,,1018.0,,15.3,,5.2,
354160115,USTKA,2023,05,.0,8,4.5,,11.3,,9.3,,70.7,,1020.9,,1022.3,,3.3,,5.4,
354160115,USTKA,2023,06,.0,8,4.1,,15.4,,14.4,,81.5,,1016.3,,1017.7,,3.2,,34.8,
354160115,USTKA,2023,07,.0,8,4.1,,17.9,,15.3,,75.9,,1009.6,,1011.0,,41.0,,61.4,
354160115,USTKA,2023,08,.0,8,4.3,,17.8,,17.3,,84.6,,1010.5,,1011.9,,76.1,,85.2,
354160115,USTKA,2023,09,.0,8,3.9,,17.8,,15.9,,78.7,,1016.5,,1017.9,,27.9,,7.0,
354160115,USTKA,2023,10,.0,8,5.9,,11.2,,10.8,,80.0,,1007.5,,1008.9,,43.5,,43.5,
354160115,USTKA,2023,11,.0,8,5.2,,5.0,,7.6,,83.8,,1002.1,,1003.5,,50.8,,43.9,
354160115,USTKA,2023,12,.0,8,.0,8,3.1,,6.7,,85.3,,1006.6,,1008.0,,35.1,,33.3,
354170120,�EBA,2023,01,6.8,,6.2,,3.4,,6.9,,87.3,,1012.4,,1012.9,,42.8,,32.4,
354170120,�EBA,2023,02,6.2,,6.2,,2.2,,6.2,,84.8,,1019.8,,1020.3,,27.1,,8.5,
354170120,�EBA,2023,03,5.9,,5.6,,3.9,,6.6,,78.2,,1006.6,,1007.1,,11.6,,14.6,
354170120,�EBA,2023,04,4.7,,4.7,,6.4,,7.5,,78.1,,1017.6,,1018.0,,9.8,,11.8,
354170120,�EBA,2023,05,3.5,,4.7,,11.3,,9.0,,69.0,,1022.0,,1022.5,,2.4,,7.0,
354170120,�EBA,2023,06,3.8,,4.0,,15.8,,14.1,,77.8,,1017.2,,1017.6,,6.9,,7.7,
354170120,�EBA,2023,07,5.1,,4.8,,17.5,,15.1,,77.0,,1010.5,,1010.9,,34.5,,45.5,
354170120,�EBA,2023,08,6.0,,4.4,,17.7,,17.6,,86.6,,1011.5,,1011.9,,56.8,,52.7,
354170120,�EBA,2023,09,3.9,,3.7,,17.4,,16.4,,83.2,,1017.7,,1018.1,,15.9,,11.5,
354170120,�EBA,2023,10,6.3,,6.0,,10.6,,10.8,,83.5,,1008.3,,1008.8,,31.3,,44.9,
354170120,�EBA,2023,11,6.8,,4.9,,4.6,,7.6,,86.3,,1003.1,,1003.6,,68.6,,56.3,
354170120,�EBA,2023,12,7.1,,6.4,,2.6,,6.7,,88.4,,1007.3,,1007.8,,43.0,,42.0,
354170125,L�BORK,2023,01,.0,8,.0,8,3.5,,.0,8,85.0,,.0,8,.0,8,41.7,,39.3,
354170125,L�BORK,2023,02,.0,8,.0,8,2.0,,.0,8,83.6,,.0,8,.0,8,43.5,,16.4,
354170125,L�BORK,2023,03,.0,8,3.6,,4.0,,6.5,,76.8,,1002.3,,1007.2,,35.3,,17.3,
354170125,L�BORK,2023,04,.0,8,3.1,,7.4,,7.3,,71.7,,1012.8,,1017.7,,13.2,,18.5,
354170125,L�BORK,2023,05,.0,8,3.1,,12.5,,8.2,,59.9,,1017.4,,1022.3,,3.7,,6.5,
354170125,L�BORK,2023,06,.0,8,2.7,,17.3,,12.7,,66.4,,1012.7,,1017.5,,23.2,,11.5,
354170125,L�BORK,2023,07,.0,8,2.7,,17.7,,14.2,,72.2,,1006.4,,1011.1,,55.8,,26.2,
354170125,L�BORK,2023,08,.0,8,2.5,,18.3,,16.9,,80.5,,1007.3,,1012.0,,27.8,,36.6,
354170125,L�BORK,2023,09,.0,8,.0,8,17.8,,15.5,,77.3,,1013.5,,1018.2,,12.4,,4.2,
354170125,L�BORK,2023,10,.0,8,3.5,,10.1,,10.6,,84.1,,1004.3,,1009.1,,65.7,,74.0,
354170125,L�BORK,2023,11,.0,8,2.9,,4.1,,7.5,,87.9,,998.9,,1003.8,,95.6,,60.3,
354170125,L�BORK,2023,12,.0,8,.0,8,.0,8,.0,8,.0,8,.0,8,.0,8,.0,8,.0,8
354180135,HEL,2023,01,.0,8,4.4,,3.6,,7.0,,87.6,,1013.1,,1013.5,,16.4,,15.1,
354180135,HEL,2023,02,.0,8,4.9,,2.6,,6.2,,83.9,,1019.6,,1020.0,,21.9,,20.2,
354180135,HEL,2023,03,.0,8,4.4,,3.6,,6.7,,81.6,,1007.0,,1007.4,,24.0,,8.7,
354180135,HEL,2023,04,.0,8,3.8,,6.8,,8.0,,79.6,,1017.5,,1017.9,,4.3,,11.2,
354180135,HEL,2023,05,.0,8,3.5,,11.8,,9.7,,70.8,,1022.4,,1022.8,,8.6,,7.3,
354180135,HEL,2023,06,.0,8,3.3,,16.8,,14.6,,75.6,,1017.2,,1017.6,,26.5,,24.8,
354180135,HEL,2023,07,.0,8,3.4,,18.0,,16.1,,78.7,,1010.9,,1011.3,,45.3,,29.5,
354180135,HEL,2023,08,.0,8,.0,8,18.6,,18.2,,85.2,,1011.9,,1012.2,,49.4,,72.0,
354180135,HEL,2023,09,.0,8,3.3,,17.6,,17.2,,85.7,,1018.2,,1018.6,,11.2,,10.7,
354180135,HEL,2023,10,.0,8,5.1,,11.0,,11.2,,83.4,,1008.7,,1009.1,,56.1,,31.2,
354180135,HEL,2023,11,.0,8,4.6,,5.3,,7.9,,85.7,,1003.5,,1003.9,,53.2,,60.4,
354180135,HEL,2023,12,.0,8,5.4,,3.1,,6.9,,88.9,,1007.5,,1007.9,,29.6,,24.3,
354180155,GDA�SK-�WIBNO,2023,01,.0,8,4.5,,3.0,,6.6,,86.0,,1012.6,,1013.7,,13.6,,7.8,
354180155,GDA�SK-�WIBNO,2023,02,.0,8,4.6,,2.0,,5.8,,80.5,,1019.0,,1020.2,,11.5,,3.2,
354180155,GDA�SK-�WIBNO,2023,03,.0,8,4.1,,3.7,,6.4,,77.2,,1006.4,,1007.5,,9.9,,8.2,
354180155,GDA�SK-�WIBNO,2023,04,.0,8,4.3,,7.2,,7.8,,76.1,,1016.4,,1017.6,,3.9,,12.3,
354180155,GDA�SK-�WIBNO,2023,05,.0,8,3.6,,12.4,,9.4,,65.6,,1021.3,,1022.4,,8.1,,4.7,
354180155,GDA�SK-�WIBNO,2023,06,.0,8,.0,8,17.4,,14.2,,71.2,,1016.2,,1017.3,,16.7,,23.3,
354180155,GDA�SK-�WIBNO,2023,07,.0,8,.0,8,17.9,,14.9,,74.1,,1010.3,,1011.4,,32.6,,49.5,
354180155,GDA�SK-�WIBNO,2023,08,.0,8,3.3,,19.1,,17.4,,79.2,,1011.1,,1012.2,,30.9,,40.9,
354180155,GDA�SK-�WIBNO,2023,09,.0,8,3.1,,17.9,,15.7,,77.7,,1017.4,,1018.5,,9.3,,4.2,
354180155,GDA�SK-�WIBNO,2023,10,.0,8,4.3,,10.3,,10.3,,81.6,,1008.2,,1009.3,,37.1,,31.1,
354180155,GDA�SK-�WIBNO,2023,11,.0,8,.0,8,.0,8,.0,8,.0,8,.0,8,.0,8,.0,8,.0,8
354180155,GDA�SK-�WIBNO,2023,12,.0,8,4.7,,1.9,,6.3,,87.7,,1007.1,,1008.2,,14.3,,7.9,
354190160,ELBL�G-MILEJEWO,2023,01,.0,8,4.9,,1.6,,6.4,,91.4,,991.1,,1014.1,,34.4,,21.5,
354190160,ELBL�G-MILEJEWO,2023,02,.0,8,4.5,,.5,,5.6,,86.1,,997.1,,1020.4,,45.0,,14.8,
354190160,ELBL�G-MILEJEWO,2023,03,.0,8,4.2,,2.8,,6.2,,79.7,,985.0,,1007.8,,27.5,,32.2,
354190160,ELBL�G-MILEJEWO,2023,04,.0,8,3.6,,7.0,,7.6,,75.5,,994.7,,1017.4,,17.0,,12.0,
354190160,ELBL�G-MILEJEWO,2023,05,.0,8,3.1,,12.4,,8.2,,58.3,,1000.1,,1022.5,,5.8,,1.3,
354190160,ELBL�G-MILEJEWO,2023,06,.0,8,2.7,,17.0,,12.6,,65.3,,995.3,,1017.2,,21.7,,20.5,
354190160,ELBL�G-MILEJEWO,2023,07,.0,8,2.9,,17.1,,14.2,,74.4,,989.7,,1011.6,,38.3,,47.0,
354190160,ELBL�G-MILEJEWO,2023,08,.0,8,3.3,,18.5,,16.6,,78.4,,990.7,,1012.4,,41.1,,75.4,
354190160,ELBL�G-MILEJEWO,2023,09,.0,8,3.1,,17.5,,15.0,,75.7,,996.9,,1018.9,,9.3,,16.4,
354190160,ELBL�G-MILEJEWO,2023,10,.0,8,4.5,,8.8,,.0,8,.0,8,987.1,,1009.5,,34.5,,27.5,
354190160,ELBL�G-MILEJEWO,2023,11,.0,8,4.2,,2.6,,6.8,,88.4,,981.6,,1004.4,,70.3,,49.0,
354190160,ELBL�G-MILEJEWO,2023,12,.0,8,4.9,,.5,,6.0,,91.8,,985.5,,1008.6,,33.4,,36.7,
354210185,K�TRZYN,2023,01,.0,8,4.3,,1.7,,6.3,,89.4,,1000.8,,1014.7,,27.9,,16.0,
354210185,K�TRZYN,2023,02,.0,8,4.0,,.8,,5.5,,83.4,,1005.8,,1019.8,,32.8,,7.4,
354210185,K�TRZYN,2023,03,.0,8,4.0,,3.1,,6.2,,78.6,,994.3,,1008.0,,20.9,,21.7,
354210185,K�TRZYN,2023,04,.0,8,3.0,,8.1,,7.7,,71.9,,1003.5,,1017.1,,6.5,,11.3,
354210185,K�TRZYN,2023,05,.0,8,2.7,,13.1,,8.2,,56.1,,1009.2,,1022.6,,2.5,,1.8,
354210185,K�TRZYN,2023,06,.0,8,.0,8,17.8,,.0,8,65.0,,1003.8,,1016.9,,37.1,,20.1,
354210185,K�TRZYN,2023,07,.0,8,2.8,,18.3,,14.5,,71.6,,998.5,,1011.6,,37.6,,23.6,
354210185,K�TRZYN,2023,08,.0,8,3.1,,20.2,,.0,8,.0,8,.0,8,.0,8,30.4,,33.9,
354210185,K�TRZYN,2023,09,.0,8,2.7,,18.0,,14.9,,74.0,,1006.1,,1019.3,,10.3,,9.4,
354210185,K�TRZYN,2023,10,.0,8,4.1,,9.3,,10.1,,84.9,,996.3,,1009.7,,59.2,,34.3,
354210185,K�TRZYN,2023,11,.0,8,3.8,,2.6,,6.8,,87.3,,991.3,,1004.9,,32.4,,19.5,
354210185,K�TRZYN,2023,12,.0,8,4.6,,1.0,,6.2,,91.0,,994.9,,1008.7,,16.2,,23.9,
354220195,SUWA�KI,2023,01,.0,8,3.6,,.8,,6.1,,91.9,,992.0,,1015.4,,29.5,,26.8,
354220195,SUWA�KI,2023,02,.0,8,3.6,,-.4,,5.2,,85.3,,995.8,,1019.4,,27.0,,9.7,
354220195,SUWA�KI,2023,03,.0,8,3.5,,2.4,,5.9,,78.0,,985.2,,1008.2,,25.3,,15.1,
354220195,SUWA�KI,2023,04,.0,8,3.0,,7.8,,7.4,,71.3,,994.4,,1017.2,,15.5,,19.1,
354220195,SUWA�KI,2023,05,.0,8,2.4,,12.2,,7.8,,56.8,,1000.4,,1023.0,,15.0,,7.2,
354220195,SUWA�KI,2023,06,.0,8,2.5,,17.0,,12.4,,64.8,,994.8,,1016.9,,20.2,,35.9,
354220195,SUWA�KI,2023,07,.0,8,2.6,,18.0,,13.4,,67.7,,989.8,,1011.6,,13.3,,8.6,
354220195,SUWA�KI,2023,08,.0,8,2.6,,19.8,,16.4,,72.6,,991.3,,1013.1,,42.0,,46.8,
354220195,SUWA�KI,2023,09,.0,8,2.2,,16.9,,13.9,,74.4,,997.8,,1019.9,,5.0,,2.4,
354220195,SUWA�KI,2023,10,.0,8,3.8,,8.2,,9.6,,86.4,,987.4,,1010.0,,62.9,,35.4,
354220195,SUWA�KI,2023,11,.0,8,3.2,,1.7,,6.4,,86.7,,982.6,,1005.6,,22.2,,23.6,
354220195,SUWA�KI,2023,12,.0,8,4.1,,.3,,5.9,,91.9,,985.6,,1008.8,,24.8,,30.1,
