Kod_stacji,Nazwa_stacji,Miesiac,Absolutna_temperatura_maksymalna,Srednia_temperatura_maksymalna,Absolutna_temperatura_minimalna,Srednia_temperatura_minimalna,Srednia_temperatura_miesieczna,Minimalna_temperatura_przy_gruncie,Miesieczna_suma_opadow,Maksymalna_dobowa_suma_opadow,Miesieczna_suma_uslonecznienia,Liczba_dni_z_opadem_deszczu,Srednia_miesieczna_predkosc_wiatru,Srednie_miesieczne_cisnienie_na_poziomie_stacji,Srednia_miesieczna_wilgotnosc_wzgledna,srednia_wysokosc,min_wysokosc,max_wysokosc,procent_plaski
349190600,BIELSKO-BIALA,1,18.0,5.3,-6.2,1.0,3.1,-9.8,86.8,14.2,61.5,9,4.0,968.6,80.7,371.15842,307.3447,523.454,88.08080000000001
349190600,BIELSKO-BIALA,2,11.1,4.6,-14.1,-1.7,1.4,-18.7,49.9,13.3,0.0,9,4.3,975.5,77.7,371.15842,307.3447,523.454,88.08080000000001
349190600,BIELSKO-BIALA,3,18.6,10.1,-9.1,1.5,5.6,-13.9,38.0,6.8,0.0,11,4.6,963.8,66.1,371.15842,307.3447,523.454,88.08080000000001
349190600,BIELSKO-BIALA,4,20.9,11.7,-6.0,3.1,7.1,-7.3,56.1,10.7,146.2,13,2.8,967.9,72.7,371.15842,307.3447,523.454,88.08080000000001
349190600,BIELSKO-BIALA,5,23.9,17.3,0.6,7.3,12.4,-1.3,109.9,33.1,214.0,11,2.9,972.7,71.2,371.15842,307.3447,523.454,88.08080000000001
349190600,BIELSKO-BIALA,6,29.7,22.7,5.3,11.8,17.3,3.2,48.6,11.8,265.0,10,2.7,970.0,69.3,371.15842,307.3447,523.454,88.08080000000001
349190600,BIELSKO-BIALA,7,30.7,25.0,8.8,14.7,19.8,6.8,135.6,41.6,274.0,15,2.9,967.8,67.5,371.15842,307.3447,523.454,88.08080000000001
349190600,BIELSKO-BIALA,8,31.0,24.3,7.8,15.4,19.5,6.3,112.4,27.8,196.7,18,3.0,968.2,76.5,371.15842,307.3447,523.454,88.08080000000001
349190600,BIELSKO-BIALA,9,28.3,23.2,9.6,13.2,17.8,8.6,101.5,19.4,234.4,11,2.7,973.2,76.2,371.15842,307.3447,523.454,88.08080000000001
349190600,BIELSKO-BIALA,10,23.7,17.4,-0.4,8.5,12.9,-3.7,100.7,20.5,133.2,16,4.0,966.2,72.2,371.15842,307.3447,523.454,88.08080000000001
349190600,BIELSKO-BIALA,11,16.8,8.1,-6.0,3.0,5.4,-15.3,73.7,9.6,0.0,14,4.4,960.1,75.0,371.15842,307.3447,523.454,88.08080000000001
349190600,BIELSKO-BIALA,12,13.3,5.6,-7.1,0.2,3.1,-14.7,74.2,16.0,68.0,10,4.8,965.7,73.9,371.15842,307.3447,523.454,88.08080000000001
349190625,ZAKOPANE,1,16.7,2.9,-9.9,-3.3,-0.4,-14.8,110.2,21.9,53.1,3,1.4,916.0,85.8,909.7968,764.02,1259.24,48.4024
349190625,ZAKOPANE,2,9.5,2.4,-17.7,-5.8,-2.1,-23.4,57.3,11.5,92.0,3,2.0,922.0,78.9,909.7968,764.02,1259.24,48.4024
349190625,ZAKOPANE,3,16.3,7.9,-11.8,-2.2,2.5,-17.6,37.1,11.2,164.3,8,2.0,911.9,67.8,909.7968,764.02,1259.24,48.4024
349190625,ZAKOPANE,4,17.5,8.5,-7.5,0.4,4.1,-8.3,80.1,17.9,101.8,13,1.5,915.5,75.1,909.7968,764.02,1259.24,48.4024
349190625,ZAKOPANE,5,21.5,15.7,-2.6,4.6,10.0,-5.1,113.7,26.5,211.6,14,1.6,921.2,73.6,909.7968,764.02,1259.24,48.4024
349190625,ZAKOPANE,6,26.3,19.4,2.3,9.2,14.2,0.2,147.9,41.6,189.1,13,1.3,919.5,76.5,909.7968,764.02,1259.24,48.4024
349190625,ZAKOPANE,7,29.0,22.8,6.5,11.7,16.9,5.3,172.5,39.5,228.4,17,1.4,918.2,72.3,909.7968,764.02,1259.24,48.4024
349190625,ZAKOPANE,8,29.1,23.3,6.6,12.7,17.4,5.0,188.3,28.9,204.7,17,1.2,918.6,78.6,909.7968,764.02,1259.24,48.4024
349190625,ZAKOPANE,9,25.7,21.0,6.0,9.8,14.9,3.3,129.7,37.1,222.8,11,1.3,923.2,79.5,909.7968,764.02,1259.24,48.4024
349190625,ZAKOPANE,10,23.0,15.6,-3.1,4.7,9.6,-7.2,112.4,27.5,139.8,12,1.7,915.7,78.4,909.7968,764.02,1259.24,48.4024
349190625,ZAKOPANE,11,14.5,5.6,-12.3,-1.4,2.0,-17.3,113.2,19.9,58.6,10,2.1,908.3,81.0,909.7968,764.02,1259.24,48.4024
349190625,ZAKOPANE,12,12.1,3.7,-13.3,-3.3,0.1,-19.9,34.5,7.6,55.1,3,2.0,913.4,78.6,909.7968,764.02,1259.24,48.4024
349190650,KASPROWY WIERCH,1,8.1,-2.3,-14.7,-7.5,-4.9,0.0,175.4,36.2,105.2,0,7.3,794.0,80.3,1408.8555,0.0,2297.82,17.48
349190650,KASPROWY WIERCH,2,4.2,-4.5,-19.0,-10.3,-7.5,0.0,136.3,40.6,109.4,0,7.6,798.0,75.2,1408.8555,0.0,2297.82,17.48
349190650,KASPROWY WIERCH,3,3.4,-2.2,-17.4,-7.7,-4.8,0.0,114.3,44.6,119.9,0,7.3,791.0,80.7,1408.8555,0.0,2297.82,17.48
349190650,KASPROWY WIERCH,4,4.5,-1.1,-15.9,-5.9,-3.7,0.0,159.8,23.1,84.1,0,5.3,794.4,91.1,1408.8555,0.0,2297.82,17.48
349190650,KASPROWY WIERCH,5,11.3,5.7,-5.7,0.6,3.1,0.0,117.7,23.6,219.5,8,4.2,802.1,81.1,1408.8555,0.0,2297.82,17.48
349190650,KASPROWY WIERCH,6,17.9,10.2,-3.6,4.4,6.9,0.0,180.2,47.8,123.6,14,4.0,802.3,89.9,1408.8555,0.0,2297.82,17.48
349190650,KASPROWY WIERCH,7,20.3,13.6,0.4,7.1,9.8,0.0,123.8,28.7,186.9,16,5.0,802.5,82.3,1408.8555,0.0,2297.82,17.48
349190650,KASPROWY WIERCH,8,19.8,14.5,0.6,8.5,11.2,0.0,241.6,55.0,181.1,16,5.1,803.3,82.5,1408.8555,0.0,2297.82,17.48
349190650,KASPROWY WIERCH,9,17.4,12.0,1.8,6.6,9.1,0.0,142.9,30.2,199.3,12,5.3,806.4,82.6,1408.8555,0.0,2297.82,17.48
349190650,KASPROWY WIERCH,10,12.9,6.6,-8.4,0.3,3.2,0.0,155.1,34.4,121.6,10,8.1,797.6,85.6,1408.8555,0.0,2297.82,17.48
349190650,KASPROWY WIERCH,11,4.2,-2.7,-15.9,-7.3,-5.1,0.0,198.8,38.0,44.3,2,8.6,787.6,92.5,1408.8555,0.0,2297.82,17.48
349190650,KASPROWY WIERCH,12,5.8,-2.1,-16.0,-7.5,-4.9,0.0,75.7,11.6,51.6,1,8.6,791.9,81.3,1408.8555,0.0,2297.82,17.48
349200628,HALA GASIENICOWA,1,13.9,0.9,-13.2,-4.9,-2.3,-16.8,137.1,29.2,70.0,1,3.6,842.1,76.1,1552.361,1034.32,2237.2,6.7532
349200628,HALA GASIENICOWA,2,7.4,-1.4,-18.7,-8.3,-4.9,-22.2,104.2,16.1,83.7,1,3.2,846.9,73.4,1552.361,1034.32,2237.2,6.7532
349200628,HALA GASIENICOWA,3,8.7,2.3,-15.0,-4.9,-1.3,-19.7,101.1,29.1,116.8,2,3.8,838.8,70.1,1552.361,1034.32,2237.2,6.7532
349200628,HALA GASIENICOWA,4,9.6,2.6,-14.3,-3.1,-0.5,-13.9,155.7,19.8,81.4,4,2.5,842.4,81.9,1552.361,1034.32,2237.2,6.7532
349200628,HALA GASIENICOWA,5,16.7,10.0,-3.9,2.5,6.1,-6.4,153.2,26.5,186.8,10,2.6,849.2,74.7,1552.361,1034.32,2237.2,6.7532
349200628,HALA GASIENICOWA,6,21.8,13.5,-0.9,6.4,9.8,-2.5,217.3,49.2,132.8,16,2.3,848.7,81.2,1552.361,1034.32,2237.2,6.7532
349200628,HALA GASIENICOWA,7,23.3,17.1,3.0,9.3,12.9,2.2,148.2,39.4,175.2,21,2.7,848.4,73.1,1552.361,1034.32,2237.2,6.7532
349200628,HALA GASIENICOWA,8,23.5,18.0,3.3,10.3,14.1,1.5,268.4,57.0,169.8,17,2.8,849.0,75.5,1552.361,1034.32,2237.2,6.7532
349200628,HALA GASIENICOWA,9,20.8,15.3,3.7,8.2,11.5,0.7,174.6,38.0,178.0,11,3.3,852.6,78.4,1552.361,1034.32,2237.2,6.7532
349200628,HALA GASIENICOWA,10,17.8,10.7,-5.9,3.2,6.6,-7.9,199.5,49.8,107.0,12,4.0,844.4,77.2,1552.361,1034.32,2237.2,6.7532
349200628,HALA GASIENICOWA,11,8.6,1.0,-12.8,-4.2,-1.7,-16.1,214.1,38.2,29.6,1,4.2,835.3,84.5,1552.361,1034.32,2237.2,6.7532
349200628,HALA GASIENICOWA,12,9.9,1.4,-15.6,-4.7,-1.4,-19.5,83.5,18.5,32.5,1,3.6,839.9,72.3,1552.361,1034.32,2237.2,6.7532
349200660,NOWY SACZ,1,14.4,5.4,-4.7,0.2,2.6,0.0,78.2,14.3,51.3,11,0.0,981.5,83.7,296.64365,0.0,425.79,82.3016
349200660,NOWY SACZ,2,11.8,5.2,-12.5,-1.8,1.4,-18.0,40.2,12.8,80.5,14,2.3,987.8,76.5,296.64365,0.0,425.79,82.3016
349200660,NOWY SACZ,3,20.5,11.7,-6.5,0.5,5.6,-11.6,37.8,8.5,175.9,15,0.0,976.3,66.9,296.64365,0.0,425.79,82.3016
349200660,NOWY SACZ,4,22.2,12.7,-2.7,3.2,7.6,-5.0,65.8,14.4,140.9,14,1.8,980.0,73.2,296.64365,0.0,425.79,82.3016
349200660,NOWY SACZ,5,25.5,18.7,-0.6,6.6,12.7,-2.0,46.3,20.1,226.4,8,1.6,985.2,71.0,296.64365,0.0,425.79,82.3016
349200660,NOWY SACZ,6,30.4,23.0,3.9,11.9,17.1,2.0,69.3,13.2,221.6,13,1.4,982.0,73.4,296.64365,0.0,425.79,82.3016
349200660,NOWY SACZ,7,32.3,26.2,10.2,14.1,19.7,9.2,162.4,36.1,261.7,14,1.3,979.7,71.7,296.64365,0.0,425.79,82.3016
349200660,NOWY SACZ,8,32.4,26.6,9.4,15.4,20.1,8.1,161.8,32.7,234.4,15,1.2,980.2,77.5,296.64365,0.0,425.79,82.3016
349200660,NOWY SACZ,9,29.6,23.9,8.0,12.0,17.3,6.4,79.4,19.8,236.3,9,1.3,985.7,79.5,296.64365,0.0,425.79,82.3016
349200660,NOWY SACZ,10,25.4,17.6,-1.0,7.7,12.1,-4.1,77.6,20.8,152.8,13,0.0,978.7,0.0,296.64365,0.0,425.79,82.3016
349200660,NOWY SACZ,11,16.1,8.3,-8.7,1.6,4.8,-14.4,55.9,6.2,69.7,19,0.0,972.7,80.9,296.64365,0.0,425.79,82.3016
349200660,NOWY SACZ,12,13.6,4.9,-11.9,-1.5,1.5,-17.2,41.7,10.3,69.5,11,0.0,978.4,82.6,296.64365,0.0,425.79,82.3016
349210670,KROSNO,1,13.8,4.2,-3.4,1.1,2.5,-3.7,94.2,16.6,21.0,8,3.2,977.1,88.0,276.03238,252.48,397.18,88.6712
349210670,KROSNO,2,10.2,3.1,-11.6,-2.0,0.4,-17.4,57.4,10.9,63.7,5,3.4,982.8,80.7,276.03238,252.48,397.18,88.6712
349210670,KROSNO,3,17.7,9.8,-6.0,1.2,5.1,-6.6,51.2,14.8,168.4,11,3.7,971.9,68.8,276.03238,252.48,397.18,88.6712
349210670,KROSNO,4,21.1,12.3,-3.1,3.7,7.6,-3.3,34.8,6.9,146.4,11,2.9,975.3,72.5,276.03238,252.48,397.18,88.6712
349210670,KROSNO,5,25.0,18.1,1.4,7.8,13.0,-0.8,36.7,22.9,244.2,11,2.6,980.8,69.6,276.03238,252.48,397.18,88.6712
349210670,KROSNO,6,27.9,21.8,4.8,12.2,16.7,3.4,134.8,49.4,216.3,16,2.1,977.5,76.2,276.03238,252.48,397.18,88.6712
349210670,KROSNO,7,31.4,24.8,10.7,14.6,19.6,10.1,99.2,50.0,266.8,11,2.6,975.3,72.8,276.03238,252.48,397.18,88.6712
349210670,KROSNO,8,31.2,25.7,9.8,15.6,20.2,9.2,94.2,18.9,228.4,14,2.3,976.1,77.5,276.03238,252.48,397.18,88.6712
349210670,KROSNO,9,27.5,22.9,8.7,12.9,17.6,8.1,69.5,18.9,244.2,9,2.5,981.5,78.7,276.03238,252.48,397.18,88.6712
349210670,KROSNO,10,22.2,15.9,-0.8,8.5,11.9,-1.7,97.6,32.8,139.5,16,3.4,974.6,79.8,276.03238,252.48,397.18,88.6712
349210670,KROSNO,11,16.6,6.8,-7.0,2.2,4.2,-11.7,83.0,9.9,44.0,12,3.4,968.4,86.1,276.03238,252.48,397.18,88.6712
349210670,KROSNO,12,11.5,3.1,-7.0,-0.7,1.1,-11.2,56.1,14.8,50.3,5,3.6,974.0,89.3,276.03238,252.48,397.18,88.6712
349220690,LESKO,1,13.8,4.4,-4.2,0.8,2.4,-4.6,84.3,15.9,28.6,10,2.8,966.4,85.2,381.35382,0.0,574.5,41.6004
349220690,LESKO,2,8.8,2.8,-12.8,-2.5,0.0,-16.2,66.3,10.6,65.8,4,3.0,971.7,0.0,381.35382,0.0,574.5,41.6004
349220690,LESKO,3,16.8,9.3,-6.4,0.5,4.5,-8.1,83.8,20.7,169.5,11,3.2,961.4,68.7,381.35382,0.0,574.5,41.6004
349220690,LESKO,4,19.6,11.4,-3.1,2.7,6.7,-2.9,75.0,17.9,114.5,11,2.3,964.5,73.0,381.35382,0.0,574.5,41.6004
349220690,LESKO,5,24.3,18.0,0.6,7.2,12.5,0.4,41.6,14.1,215.1,12,2.2,970.2,70.9,381.35382,0.0,574.5,41.6004
349220690,LESKO,6,28.2,21.3,4.1,11.5,16.1,3.1,97.7,17.8,190.9,16,2.0,967.2,77.8,381.35382,0.0,574.5,41.6004
349220690,LESKO,7,30.0,24.3,8.5,13.5,18.8,7.5,103.9,35.0,236.6,16,2.2,965.2,74.3,381.35382,0.0,574.5,41.6004
349220690,LESKO,8,30.7,25.6,8.6,15.0,19.7,8.1,75.8,19.9,222.9,17,1.9,966.1,78.3,381.35382,0.0,574.5,41.6004
349220690,LESKO,9,27.8,22.8,7.4,11.9,16.8,6.5,55.4,13.2,235.0,13,2.0,971.3,79.5,381.35382,0.0,574.5,41.6004
349220690,LESKO,10,21.6,15.9,-1.9,7.9,11.8,-4.3,73.0,25.6,128.4,15,3.1,964.5,76.0,381.35382,0.0,574.5,41.6004
349220690,LESKO,11,17.7,6.9,-8.0,1.9,4.2,-11.9,70.2,10.4,43.5,13,2.9,957.8,80.9,381.35382,0.0,574.5,41.6004
349220690,LESKO,12,10.7,3.4,-7.0,-0.8,1.3,-9.6,71.1,18.0,50.4,7,3.0,963.3,82.9,381.35382,0.0,574.5,41.6004
350150500,JELENIA GORA,1,17.7,5.7,-8.9,-0.8,2.7,-11.3,34.3,11.9,51.7,8,2.9,974.7,82.4,364.12558,330.01,459.91,75.6608
350150500,JELENIA GORA,2,13.5,6.0,-14.0,-2.8,1.1,-16.1,51.3,11.9,94.0,7,3.0,982.6,82.8,364.12558,330.01,459.91,75.6608
350150500,JELENIA GORA,3,17.8,10.1,-10.5,-0.5,4.5,-12.8,30.0,3.5,153.6,11,3.0,969.5,76.4,364.12558,330.01,459.91,75.6608
350150500,JELENIA GORA,4,20.8,11.3,-7.4,1.2,6.0,-9.1,60.3,33.3,164.0,13,2.0,975.4,80.9,364.12558,330.01,459.91,75.6608
350150500,JELENIA GORA,5,23.4,17.5,-2.1,4.8,11.6,-4.1,29.1,8.5,297.5,10,2.5,979.7,74.2,364.12558,330.01,459.91,75.6608
350150500,JELENIA GORA,6,30.5,23.2,-0.2,8.5,16.2,-3.5,67.7,16.3,281.3,16,1.9,977.0,77.5,364.12558,330.01,459.91,75.6608
350150500,JELENIA GORA,7,33.1,25.5,5.6,11.3,18.7,4.7,62.6,25.3,305.2,15,2.2,973.5,72.9,364.12558,330.01,459.91,75.6608
350150500,JELENIA GORA,8,31.6,24.1,6.4,12.8,18.0,5.0,168.2,47.2,225.0,18,1.9,974.1,79.7,364.12558,330.01,459.91,75.6608
350150500,JELENIA GORA,9,29.3,23.7,3.7,8.5,15.6,3.2,23.4,11.1,272.5,9,1.7,979.0,80.5,364.12558,330.01,459.91,75.6608
350150500,JELENIA GORA,10,25.8,16.6,-2.4,6.0,11.1,-2.6,58.6,10.9,120.3,21,2.5,971.4,81.0,364.12558,330.01,459.91,75.6608
350150500,JELENIA GORA,11,14.8,8.1,-14.3,0.8,4.5,-20.2,69.6,19.3,73.3,16,3.1,965.7,80.4,364.12558,330.01,459.91,75.6608
350150500,JELENIA GORA,12,11.7,5.8,-16.3,-2.3,1.9,-22.0,57.8,14.8,63.2,7,0.0,971.2,82.6,364.12558,330.01,459.91,75.6608
350150510,SNIEZKA,1,7.7,-2.6,-12.1,-6.2,-4.5,0.0,106.1,13.4,43.5,7,13.5,830.5,90.2,796.59705,0.0,1603.07,41.3616
350150510,SNIEZKA,2,8.0,-2.9,-14.5,-7.6,-5.2,0.0,47.7,11.9,99.7,3,16.0,836.5,79.7,796.59705,0.0,1603.07,41.3616
350150510,SNIEZKA,3,6.3,-0.4,-13.1,-5.6,-3.2,0.0,130.7,16.5,0.0,4,12.3,826.9,83.1,796.59705,0.0,1603.07,41.3616
350150510,SNIEZKA,4,7.7,0.1,-12.2,-4.3,-2.4,0.0,79.4,14.7,103.3,9,9.9,832.9,92.4,796.59705,0.0,1603.07,41.3616
350150510,SNIEZKA,5,12.9,6.4,-4.0,1.1,3.6,0.0,51.7,14.1,229.1,11,8.7,839.7,81.1,796.59705,0.0,1603.07,41.3616
350150510,SNIEZKA,6,18.7,11.4,-1.2,6.2,8.3,0.0,73.6,11.1,201.1,17,8.6,839.8,82.7,796.59705,0.0,1603.07,41.3616
350150510,SNIEZKA,7,21.2,13.9,1.8,7.9,10.5,0.0,69.7,10.5,268.6,20,8.3,837.8,77.4,796.59705,0.0,1603.07,41.3616
350150510,SNIEZKA,8,20.3,13.4,1.2,8.7,10.7,0.0,197.6,54.3,171.3,22,8.4,838.2,87.1,796.59705,0.0,1603.07,41.3616
350150510,SNIEZKA,9,18.4,12.9,2.4,7.8,10.1,0.0,21.7,6.9,203.5,14,8.5,842.2,82.5,796.59705,0.0,1603.07,41.3616
350150510,SNIEZKA,10,13.9,7.2,-5.1,1.8,4.2,0.0,111.6,11.9,79.6,21,12.8,832.6,90.9,796.59705,0.0,1603.07,41.3616
350150510,SNIEZKA,11,5.5,-2.1,-13.6,-5.7,-3.9,0.0,133.7,13.2,18.3,6,13.8,823.4,96.2,796.59705,0.0,1603.07,41.3616
350150510,SNIEZKA,12,7.8,-2.0,-13.0,-6.2,-4.0,0.0,157.4,18.6,31.9,7,17.0,827.7,90.3,796.59705,0.0,1603.07,41.3616
350160520,KLODZKO,1,16.3,4.5,-6.5,0.4,2.5,-8.0,13.1,2.0,42.6,9,3.6,973.6,87.5,334.2235,0.0,381.02,89.7572
350160520,KLODZKO,2,11.2,4.6,-12.0,-1.4,1.3,-12.6,13.6,4.1,79.3,4,3.3,981.1,80.8,334.2235,0.0,381.02,89.7572
350160520,KLODZKO,3,17.7,9.3,-7.0,1.2,4.9,-8.0,17.2,2.8,125.7,8,4.0,968.4,73.1,334.2235,0.0,381.02,89.7572
350160520,KLODZKO,4,19.0,10.8,-7.3,2.3,6.3,-8.6,62.2,12.2,123.2,14,2.4,973.5,76.8,334.2235,0.0,381.02,89.7572
350160520,KLODZKO,5,22.2,16.8,-0.8,5.6,11.3,-3.3,33.8,11.5,218.4,9,2.1,978.0,73.0,334.2235,0.0,381.02,89.7572
350160520,KLODZKO,6,29.9,22.8,1.8,9.6,16.2,-0.7,59.1,12.9,250.8,15,1.8,975.3,73.8,334.2235,0.0,381.02,89.7572
350160520,KLODZKO,7,31.5,25.4,6.5,12.3,18.8,5.1,81.4,27.6,266.9,17,2.3,972.3,69.5,334.2235,0.0,381.02,89.7572
350160520,KLODZKO,8,31.6,24.3,5.9,13.9,18.8,4.0,148.7,52.5,198.0,17,2.4,972.8,75.6,334.2235,0.0,381.02,89.7572
350160520,KLODZKO,9,28.8,23.5,5.6,10.3,16.5,4.3,38.6,18.4,247.4,7,2.2,977.8,77.5,334.2235,0.0,381.02,89.7572
350160520,KLODZKO,10,23.6,15.9,-1.6,7.5,11.3,-3.3,47.7,8.6,121.8,15,3.3,970.5,81.0,334.2235,0.0,381.02,89.7572
350160520,KLODZKO,11,13.8,7.1,-15.8,1.8,4.4,-19.2,62.6,28.1,52.3,12,3.9,964.6,81.6,334.2235,0.0,381.02,89.7572
350160520,KLODZKO,12,10.6,4.8,-15.3,-0.3,2.4,-20.4,35.2,7.5,35.6,10,4.1,970.4,82.1,334.2235,0.0,381.02,89.7572
350170530,OPOLE,1,14.7,5.9,-5.3,1.2,3.5,-6.6,39.7,5.6,58.9,6,2.8,996.8,84.2,159.29318,142.67535,176.88597,96.8584
350170530,OPOLE,2,11.7,5.9,-9.6,-0.4,2.4,-9.3,45.3,11.8,63.3,10,3.1,1004.2,79.4,159.29318,142.67535,176.88597,96.8584
350170530,OPOLE,3,19.0,10.7,-6.6,2.1,5.9,-7.5,28.8,4.1,125.0,13,2.9,991.3,71.1,159.29318,142.67535,176.88597,96.8584
350170530,OPOLE,4,22.5,13.0,-5.4,3.9,8.0,-7.4,50.7,7.2,148.5,14,2.6,996.4,74.7,159.29318,142.67535,176.88597,96.8584
350170530,OPOLE,5,26.3,19.2,0.0,7.8,13.5,-1.1,62.4,25.4,250.7,8,2.4,1000.9,65.0,159.29318,142.67535,176.88597,96.8584
350170530,OPOLE,6,31.1,24.9,5.7,12.3,18.6,3.6,68.6,27.8,292.2,11,0.0,997.3,66.3,159.29318,142.67535,176.88597,96.8584
350170530,OPOLE,7,33.4,27.2,8.7,14.6,20.7,8.0,48.2,7.4,284.8,16,1.9,994.1,65.5,159.29318,142.67535,176.88597,96.8584
350170530,OPOLE,8,33.3,25.9,8.8,15.5,20.2,7.7,131.1,28.8,231.3,17,1.9,994.7,75.4,159.29318,142.67535,176.88597,96.8584
350170530,OPOLE,9,31.3,24.8,9.0,12.6,18.2,8.0,34.3,11.4,257.2,6,1.8,1000.1,75.7,159.29318,142.67535,176.88597,96.8584
350170530,OPOLE,10,25.2,17.0,-1.4,8.4,12.4,-1.5,91.6,16.3,118.8,20,2.3,992.9,80.3,159.29318,142.67535,176.88597,96.8584
350170530,OPOLE,11,17.0,8.5,-5.2,3.0,5.6,-4.5,109.9,34.6,71.5,12,2.9,987.5,80.1,159.29318,142.67535,176.88597,96.8584
350170530,OPOLE,12,11.9,5.8,-12.6,0.1,2.9,-16.1,38.7,6.8,48.6,7,2.9,993.3,81.5,159.29318,142.67535,176.88597,96.8584
350180540,RACIBORZ,1,14.3,5.7,-3.9,1.5,3.5,-6.3,23.8,4.6,62.0,10,3.9,992.0,84.0,203.39346,0.0,229.10576,97.7872
350180540,RACIBORZ,2,12.5,5.7,-8.5,-0.4,2.3,-10.7,21.8,7.4,70.3,9,4.0,999.2,79.0,203.39346,0.0,229.10576,97.7872
350180540,RACIBORZ,3,20.3,10.9,-4.8,1.8,5.8,-8.6,15.5,4.0,139.9,8,4.2,986.7,72.7,203.39346,0.0,229.10576,97.7872
350180540,RACIBORZ,4,21.4,12.5,-4.7,3.5,7.7,-7.5,48.6,8.1,155.4,13,3.2,991.1,76.6,203.39346,0.0,229.10576,97.7872
350180540,RACIBORZ,5,25.6,18.6,0.0,7.5,13.2,-2.4,57.3,33.2,249.3,7,2.9,995.5,68.9,203.39346,0.0,229.10576,97.7872
350180540,RACIBORZ,6,30.8,24.1,6.0,11.9,18.0,4.0,55.3,18.1,296.6,8,2.6,992.3,69.2,203.39346,0.0,229.10576,97.7872
350180540,RACIBORZ,7,32.7,26.7,8.5,13.8,20.1,6.0,55.1,15.7,279.1,16,2.6,989.5,69.8,203.39346,0.0,229.10576,97.7872
350180540,RACIBORZ,8,32.2,25.4,7.9,14.9,19.9,5.4,80.6,17.6,224.6,17,2.7,990.0,76.2,203.39346,0.0,229.10576,97.7872
350180540,RACIBORZ,9,30.3,24.5,8.1,12.4,18.0,6.0,59.9,36.8,247.3,8,2.4,995.3,76.7,203.39346,0.0,229.10576,97.7872
350180540,RACIBORZ,10,24.7,17.5,-1.0,8.3,12.6,-3.8,64.6,14.1,148.3,14,3.0,988.4,80.2,203.39346,0.0,229.10576,97.7872
350180540,RACIBORZ,11,17.6,8.4,-5.5,2.8,5.4,-8.5,62.7,16.1,84.1,14,3.9,982.9,83.3,203.39346,0.0,229.10576,97.7872
350180540,RACIBORZ,12,11.9,5.3,-16.7,-0.5,2.6,-20.7,38.6,9.3,52.0,9,4.0,988.8,84.1,203.39346,0.0,229.10576,97.7872
350190550,CZESTOCHOWA,1,14.9,4.8,-5.2,1.1,2.6,-6.1,42.1,9.8,49.2,11,2.5,980.6,86.7,262.69778,243.54616,299.6765,98.0228
350190550,CZESTOCHOWA,2,10.2,4.1,-10.7,-1.3,1.1,-15.4,55.4,16.2,65.7,11,2.7,987.2,80.3,262.69778,243.54616,299.6765,98.0228
350190550,CZESTOCHOWA,3,19.2,9.7,-6.5,1.0,4.8,-9.4,30.7,4.8,130.8,14,2.6,975.3,72.5,262.69778,243.54616,299.6765,98.0228
350190550,CZESTOCHOWA,4,22.2,12.5,-5.3,3.7,7.7,-7.8,47.8,12.2,144.0,12,2.6,980.3,72.2,262.69778,243.54616,299.6765,98.0228
350190550,CZESTOCHOWA,5,24.4,18.2,1.0,7.9,13.0,-2.5,52.4,15.9,251.5,7,2.5,985.5,62.3,262.69778,243.54616,299.6765,98.0228
350190550,CZESTOCHOWA,6,30.4,23.7,4.5,12.7,17.9,3.8,63.8,12.1,274.3,12,2.0,982.0,64.7,262.69778,243.54616,299.6765,98.0228
350190550,CZESTOCHOWA,7,31.6,25.8,8.4,14.6,19.9,7.5,89.0,61.1,271.3,12,0.0,978.9,66.2,262.69778,243.54616,299.6765,98.0228
350190550,CZESTOCHOWA,8,32.2,24.9,9.4,15.6,19.9,8.2,110.8,32.2,205.7,18,1.7,0.0,74.3,262.69778,243.54616,299.6765,98.0228
350190550,CZESTOCHOWA,9,29.4,23.7,9.5,13.2,18.1,7.6,24.5,7.8,248.1,11,1.7,985.1,72.0,262.69778,243.54616,299.6765,98.0228
350190550,CZESTOCHOWA,10,25.0,15.8,0.0,7.9,11.3,-2.0,85.6,20.5,117.6,18,1.9,977.4,83.3,262.69778,243.54616,299.6765,98.0228
350190550,CZESTOCHOWA,11,0.0,0.0,0.0,0.0,4.2,0.0,72.4,13.9,0.0,19,0.0,0.0,85.0,262.69778,243.54616,299.6765,98.0228
350190550,CZESTOCHOWA,12,10.0,3.9,-7.9,-0.3,1.7,-14.9,80.1,11.9,0.0,20,2.5,977.0,86.7,262.69778,243.54616,299.6765,98.0228
350190560,KATOWICE-MUCHOWIEC,1,16.0,5.3,-4.1,0.5,2.9,-7.3,60.4,7.3,44.1,9,2.8,982.9,85.5,280.84448,251.62706,320.73813,93.23
350190560,KATOWICE-MUCHOWIEC,2,11.3,4.8,-12.5,-1.8,1.3,-13.2,70.6,14.2,65.3,8,2.9,989.8,80.1,280.84448,251.62706,320.73813,93.23
350190560,KATOWICE-MUCHOWIEC,3,19.3,10.6,-7.1,0.6,5.4,-8.2,34.8,5.6,132.2,11,3.0,977.7,70.5,280.84448,251.62706,320.73813,93.23
350190560,KATOWICE-MUCHOWIEC,4,22.0,12.8,-6.4,3.3,7.9,-7.0,41.0,8.8,147.4,16,2.1,982.1,72.1,280.84448,251.62706,320.73813,93.23
350190560,KATOWICE-MUCHOWIEC,5,24.3,18.3,-0.3,7.0,13.0,-2.0,77.5,34.1,232.4,8,2.5,987.0,66.3,280.84448,251.62706,320.73813,93.23
350190560,KATOWICE-MUCHOWIEC,6,29.7,23.7,5.1,11.6,17.7,2.4,91.8,24.7,264.3,12,2.1,983.7,68.3,280.84448,251.62706,320.73813,93.23
350190560,KATOWICE-MUCHOWIEC,7,31.6,25.9,8.4,14.1,19.8,6.3,66.8,22.5,0.0,13,0.0,0.0,70.6,280.84448,251.62706,320.73813,93.23
350190560,KATOWICE-MUCHOWIEC,8,31.4,25.1,7.8,15.0,19.7,5.7,96.8,30.9,207.1,17,2.0,981.6,79.4,280.84448,251.62706,320.73813,93.23
350190560,KATOWICE-MUCHOWIEC,9,29.6,23.9,8.4,12.1,17.5,6.1,43.9,16.0,238.6,11,1.6,986.9,79.1,280.84448,251.62706,320.73813,93.23
350190560,KATOWICE-MUCHOWIEC,10,24.7,16.6,-2.3,7.1,11.7,-4.8,80.1,17.2,131.4,16,2.5,979.8,83.4,280.84448,251.62706,320.73813,93.23
350190560,KATOWICE-MUCHOWIEC,11,17.2,7.8,-6.4,2.0,4.8,-9.9,82.1,17.0,57.2,16,3.0,974.0,84.8,280.84448,251.62706,320.73813,93.23
350190560,KATOWICE-MUCHOWIEC,12,10.9,4.9,-7.9,-0.3,2.3,-13.3,83.5,13.0,40.4,10,3.3,979.7,84.4,280.84448,251.62706,320.73813,93.23
350190566,KRAKOW-BALICE,1,15.3,5.5,-4.3,-0.1,2.5,-5.8,49.0,7.6,0.0,9,2.9,987.8,86.7,245.11893,211.71,342.88,79.3288
350190566,KRAKOW-BALICE,2,11.0,4.8,-13.9,-1.8,1.4,-15.9,49.6,13.9,0.0,10,4.1,994.5,79.7,245.11893,211.71,342.88,79.3288
350190566,KRAKOW-BALICE,3,21.1,10.8,-6.3,0.8,5.4,-9.2,22.4,5.6,0.0,11,3.5,982.5,71.3,245.11893,211.71,342.88,79.3288
350190566,KRAKOW-BALICE,4,22.5,12.5,-5.2,3.3,8.0,-7.8,43.0,7.9,0.0,14,3.0,986.7,71.9,245.11893,211.71,342.88,79.3288
350190566,KRAKOW-BALICE,5,23.8,18.0,0.4,7.3,12.9,-2.0,76.0,18.9,0.0,11,3.4,991.7,70.0,245.11893,211.71,342.88,79.3288
350190566,KRAKOW-BALICE,6,30.3,23.6,5.9,11.8,17.8,3.0,48.4,19.0,0.0,12,2.9,988.3,69.7,245.11893,211.71,342.88,79.3288
350190566,KRAKOW-BALICE,7,32.1,26.3,9.8,14.4,20.2,7.0,81.1,24.9,0.0,13,2.5,985.6,69.4,245.11893,211.71,342.88,79.3288
350190566,KRAKOW-BALICE,8,31.8,25.7,8.5,15.5,20.1,7.0,100.8,23.2,0.0,15,2.0,986.2,77.5,245.11893,211.71,342.88,79.3288
350190566,KRAKOW-BALICE,9,29.2,24.0,8.7,12.5,17.7,6.5,86.6,37.1,0.0,10,1.8,991.7,78.4,245.11893,211.71,342.88,79.3288
350190566,KRAKOW-BALICE,10,26.2,17.0,-1.3,6.8,11.5,-3.5,67.6,16.0,0.0,13,2.8,984.6,82.7,245.11893,211.71,342.88,79.3288
350190566,KRAKOW-BALICE,11,17.9,8.2,-9.9,1.6,4.7,-12.0,72.9,11.9,0.0,16,3.8,978.8,84.6,245.11893,211.71,342.88,79.3288
350190566,KRAKOW-BALICE,12,12.2,4.8,-8.4,-0.8,2.0,-11.5,54.3,12.1,0.0,9,4.2,984.5,85.3,245.11893,211.71,342.88,79.3288
350200570,KIELCE-SUKOW,1,15.4,4.6,-3.2,-0.1,2.0,-4.5,44.3,6.6,25.4,10,2.4,985.0,89.7,258.05933,0.0,334.29,95.1012
350200570,KIELCE-SUKOW,2,10.1,3.7,-13.9,-2.5,0.6,-14.7,50.7,12.1,69.6,6,0.0,0.0,81.2,258.05933,0.0,334.29,95.1012
350200570,KIELCE-SUKOW,3,19.3,9.4,-8.4,-0.7,4.0,-8.2,38.5,8.1,112.1,13,0.0,0.0,76.0,258.05933,0.0,334.29,95.1012
350200570,KIELCE-SUKOW,4,20.9,12.6,-6.9,2.7,7.5,-7.2,52.5,11.0,159.0,14,0.0,0.0,74.2,258.05933,0.0,334.29,95.1012
350200570,KIELCE-SUKOW,5,23.5,18.1,-1.7,6.6,12.6,-2.7,68.1,20.4,261.5,7,2.6,989.7,65.9,258.05933,0.0,334.29,95.1012
350200570,KIELCE-SUKOW,6,29.2,23.1,3.7,10.7,17.0,1.8,43.4,22.3,240.9,11,1.9,985.9,71.7,258.05933,0.0,334.29,95.1012
350200570,KIELCE-SUKOW,7,33.1,26.3,7.6,12.7,19.3,6.8,77.6,17.4,255.0,15,1.9,982.9,71.8,258.05933,0.0,334.29,95.1012
350200570,KIELCE-SUKOW,8,32.1,25.8,6.8,14.5,19.6,5.9,90.1,16.5,223.9,16,1.8,983.7,80.3,258.05933,0.0,334.29,95.1012
350200570,KIELCE-SUKOW,9,29.1,23.8,7.3,11.3,17.1,6.1,33.2,13.5,254.4,11,1.8,989.4,80.6,258.05933,0.0,334.29,95.1012
350200570,KIELCE-SUKOW,10,24.2,16.0,-2.4,6.3,10.6,-3.0,78.4,15.7,121.4,17,2.1,981.7,87.0,258.05933,0.0,334.29,95.1012
350200570,KIELCE-SUKOW,11,14.8,6.7,-10.7,-0.1,3.4,-14.7,59.9,7.8,47.1,15,2.7,975.8,89.4,258.05933,0.0,334.29,95.1012
350200570,KIELCE-SUKOW,12,11.0,3.9,-12.4,-1.3,1.2,-15.5,54.1,10.8,40.8,10,0.0,981.1,89.9,258.05933,0.0,334.29,95.1012
350200575,TARNOW,1,15.1,5.7,-3.2,1.2,3.3,-5.0,72.6,14.1,36.4,10,1.6,990.9,85.8,214.2865,190.54,259.95,96.7088
350200575,TARNOW,2,11.2,5.4,-11.2,-1.2,2.0,-14.4,36.3,7.9,69.2,11,1.8,997.9,77.6,214.2865,190.54,259.95,96.7088
350200575,TARNOW,3,22.1,11.5,-7.2,1.6,6.1,-8.4,29.3,5.8,145.4,14,1.8,986.2,67.9,214.2865,190.54,259.95,96.7088
350200575,TARNOW,4,23.1,13.4,-4.0,3.5,8.4,-5.6,59.0,9.8,158.5,13,1.5,990.2,73.2,214.2865,190.54,259.95,96.7088
350200575,TARNOW,5,26.0,19.3,-0.4,7.5,13.5,-0.9,72.3,32.0,250.1,10,1.5,995.4,68.6,214.2865,190.54,259.95,96.7088
350200575,TARNOW,6,30.1,23.8,4.2,12.3,17.9,2.7,39.2,13.1,238.1,13,0.0,991.8,72.0,214.2865,190.54,259.95,96.7088
350200575,TARNOW,7,33.4,26.9,10.9,14.9,20.6,10.1,150.5,38.5,274.0,15,0.0,989.1,70.1,214.2865,190.54,259.95,96.7088
350200575,TARNOW,8,32.8,27.1,8.5,15.8,20.7,8.1,128.6,28.6,224.0,15,0.0,989.8,76.9,214.2865,190.54,259.95,96.7088
350200575,TARNOW,9,29.9,24.3,8.6,12.7,17.9,7.6,90.3,20.8,208.5,10,1.1,995.4,80.0,214.2865,190.54,259.95,96.7088
350200575,TARNOW,10,0.0,0.0,0.0,0.0,12.6,0.0,46.8,12.7,0.0,15,0.0,0.0,79.2,214.2865,190.54,259.95,96.7088
350200575,TARNOW,11,16.0,8.3,-9.2,1.8,5.1,-13.8,64.9,15.7,53.7,16,1.6,982.6,83.1,214.2865,190.54,259.95,96.7088
350200575,TARNOW,12,13.2,5.4,-10.6,-0.4,2.5,-13.7,0.0,0.0,56.0,0,1.7,988.2,82.2,214.2865,190.54,259.95,96.7088
350210585,SANDOMIERZ,1,12.9,4.5,-2.7,0.9,2.4,-3.4,60.9,14.9,29.8,16,3.2,990.1,89.9,199.03094,140.49773,225.28,84.536
350210585,SANDOMIERZ,2,9.9,3.9,-10.5,-1.5,1.0,-13.1,36.0,10.4,92.7,12,3.8,995.6,80.3,199.03094,140.49773,225.28,84.536
350210585,SANDOMIERZ,3,19.7,9.8,-5.0,0.8,4.9,-6.1,31.5,5.7,135.2,14,3.5,984.5,72.5,199.03094,140.49773,225.28,84.536
350210585,SANDOMIERZ,4,21.8,13.0,-4.1,4.2,8.3,-4.9,45.1,10.8,170.6,12,3.1,988.9,72.3,199.03094,140.49773,225.28,84.536
350210585,SANDOMIERZ,5,23.9,18.6,1.5,7.9,13.2,-0.5,70.0,32.4,269.3,10,2.8,994.6,66.8,199.03094,140.49773,225.28,84.536
350210585,SANDOMIERZ,6,28.8,22.9,4.7,12.4,17.6,3.8,36.7,13.2,254.1,14,2.4,990.6,72.4,199.03094,140.49773,225.28,84.536
350210585,SANDOMIERZ,7,32.4,26.0,11.3,14.9,20.2,10.2,140.2,60.6,299.4,14,2.5,987.5,71.5,199.03094,140.49773,225.28,84.536
350210585,SANDOMIERZ,8,32.0,26.0,10.4,16.2,20.5,8.5,88.8,25.2,241.6,15,2.3,988.5,78.4,199.03094,140.49773,225.28,84.536
350210585,SANDOMIERZ,9,28.2,23.6,9.0,13.2,18.0,8.0,32.6,16.3,262.5,7,2.2,994.3,78.7,199.03094,140.49773,225.28,84.536
350210585,SANDOMIERZ,10,23.1,16.2,-0.8,7.6,11.3,-3.0,66.5,18.8,140.3,18,3.0,986.6,85.4,199.03094,140.49773,225.28,84.536
350210585,SANDOMIERZ,11,15.0,7.1,-10.8,0.9,3.8,-18.1,55.2,7.8,71.8,16,3.4,980.8,87.3,199.03094,140.49773,225.28,84.536
350210585,SANDOMIERZ,12,11.7,3.6,-10.2,-0.9,1.3,-13.9,29.0,10.5,45.5,12,3.6,986.2,0.0,199.03094,140.49773,225.28,84.536
350220580,RZESZOW-JASIONKA,1,15.3,5.2,-2.7,1.2,3.1,-6.8,79.8,11.2,0.0,13,4.0,990.7,89.0,201.26102,187.16,216.7,98.1984
350220580,RZESZOW-JASIONKA,2,11.6,4.5,-11.3,-1.5,1.5,-12.6,45.9,10.4,0.0,7,5.0,996.3,79.2,201.26102,187.16,216.7,98.1984
350220580,RZESZOW-JASIONKA,3,19.6,10.7,-6.7,0.9,5.5,-9.0,52.1,17.4,0.0,9,4.5,985.2,70.7,201.26102,187.16,216.7,98.1984
350220580,RZESZOW-JASIONKA,4,22.2,13.3,-3.0,3.4,8.3,-4.5,45.4,11.2,0.0,11,3.3,989.0,74.0,201.26102,187.16,216.7,98.1984
350220580,RZESZOW-JASIONKA,5,24.2,18.9,-0.6,7.1,13.2,-2.0,46.6,14.8,0.0,9,3.4,994.6,71.0,201.26102,187.16,216.7,98.1984
350220580,RZESZOW-JASIONKA,6,28.7,23.1,3.8,12.0,17.4,1.7,51.2,11.0,0.0,14,2.9,990.8,76.8,201.26102,187.16,216.7,98.1984
350220580,RZESZOW-JASIONKA,7,34.0,27.0,11.0,14.6,20.7,10.0,63.4,22.0,0.0,12,3.1,988.1,70.5,201.26102,187.16,216.7,98.1984
350220580,RZESZOW-JASIONKA,8,32.3,27.2,9.0,15.7,20.8,7.5,70.7,12.8,0.0,13,2.6,989.0,77.3,201.26102,187.16,216.7,98.1984
350220580,RZESZOW-JASIONKA,9,29.4,24.2,7.9,12.1,17.7,5.0,48.4,10.7,0.0,11,2.6,994.7,79.4,201.26102,187.16,216.7,98.1984
350220580,RZESZOW-JASIONKA,10,23.2,17.0,-2.2,7.8,12.1,-4.0,81.2,35.1,0.0,14,4.0,987.5,79.4,201.26102,187.16,216.7,98.1984
350220580,RZESZOW-JASIONKA,11,16.4,7.5,-13.2,1.3,4.5,-15.0,69.5,8.3,0.0,13,4.1,981.6,83.5,201.26102,187.16,216.7,98.1984
350220580,RZESZOW-JASIONKA,12,12.5,4.0,-9.3,-0.5,1.8,-11.3,60.5,20.4,0.0,8,5.0,987.1,83.3,201.26102,187.16,216.7,98.1984
350230595,ZAMOSC,1,13.7,4.7,-2.4,0.9,2.4,-3.1,64.4,12.4,0.0,12,4.2,989.8,87.3,220.75238,203.84,261.04,99.6996
350230595,ZAMOSC,2,8.6,3.1,-12.8,-2.3,0.5,-18.0,29.2,8.2,0.0,7,5.5,994.6,78.9,220.75238,203.84,261.04,99.6996
350230595,ZAMOSC,3,18.4,9.6,-6.2,0.5,4.7,-7.7,44.1,14.3,0.0,12,4.8,983.9,72.7,220.75238,203.84,261.04,99.6996
350230595,ZAMOSC,4,20.6,12.6,-3.6,3.4,7.8,-5.4,45.7,16.4,0.0,13,3.6,988.4,75.6,220.75238,203.84,261.04,99.6996
350230595,ZAMOSC,5,23.8,18.3,-1.3,6.0,12.4,-2.6,61.6,43.1,0.0,9,3.3,994.4,69.6,220.75238,203.84,261.04,99.6996
350230595,ZAMOSC,6,28.0,22.1,2.3,11.2,16.7,1.1,81.2,21.3,0.0,15,2.9,990.1,76.0,220.75238,203.84,261.04,99.6996
350230595,ZAMOSC,7,33.2,26.0,9.9,13.7,19.8,8.8,108.3,33.5,0.0,13,3.3,987.0,71.3,220.75238,203.84,261.04,99.6996
350230595,ZAMOSC,8,31.8,27.2,8.5,15.2,20.7,7.3,57.0,13.7,0.0,11,2.9,988.3,74.4,220.75238,203.84,261.04,99.6996
350230595,ZAMOSC,9,28.9,23.8,6.1,11.5,17.2,4.7,25.2,7.0,0.0,13,2.4,994.2,79.1,220.75238,203.84,261.04,99.6996
350230595,ZAMOSC,10,23.3,16.3,-2.5,7.5,11.5,-5.0,79.1,39.1,0.0,16,4.5,986.3,81.2,220.75238,203.84,261.04,99.6996
350230595,ZAMOSC,11,16.0,6.9,-9.7,1.1,3.8,-15.4,46.8,8.8,0.0,10,4.4,980.5,84.9,220.75238,203.84,261.04,99.6996
350230595,ZAMOSC,12,10.4,2.9,-16.6,-1.4,1.0,-20.0,47.0,16.2,0.0,11,5.6,985.6,87.0,220.75238,203.84,261.04,99.6996
351150400,ZIELONA GORA,1,16.1,4.9,-4.3,1.3,3.0,-8.2,59.7,10.8,29.6,11,3.2,991.9,90.1,147.6968,0.0,203.36,89.4572
351150400,ZIELONA GORA,2,11.4,5.9,-6.2,-0.2,2.3,-9.6,48.9,15.1,94.0,10,3.2,1000.1,82.4,147.6968,0.0,203.36,89.4572
351150400,ZIELONA GORA,3,17.1,9.3,-3.3,2.0,5.0,-6.5,53.6,11.0,107.3,10,3.2,986.4,78.3,147.6968,0.0,203.36,89.4572
351150400,ZIELONA GORA,4,20.2,11.8,-3.2,4.3,7.7,-4.7,50.6,11.2,138.3,15,2.5,993.4,73.5,147.6968,0.0,203.36,89.4572
351150400,ZIELONA GORA,5,25.4,18.5,3.4,8.8,13.6,2.1,29.3,10.0,309.1,6,2.7,997.8,58.3,147.6968,0.0,203.36,89.4572
351150400,ZIELONA GORA,6,30.5,24.4,6.7,14.3,19.0,6.0,48.3,27.4,258.0,8,2.3,994.3,58.9,147.6968,0.0,203.36,89.4572
351150400,ZIELONA GORA,7,33.8,26.0,10.2,15.3,20.4,9.3,53.3,17.6,288.9,15,2.6,990.0,57.7,147.6968,0.0,203.36,89.4572
351150400,ZIELONA GORA,8,32.7,24.2,10.3,15.8,19.6,9.8,114.6,23.2,224.4,14,2.3,990.8,73.3,147.6968,0.0,203.36,89.4572
351150400,ZIELONA GORA,9,29.5,24.0,9.0,13.9,18.7,8.4,28.4,16.4,277.8,5,2.1,996.0,70.0,147.6968,0.0,203.36,89.4572
351150400,ZIELONA GORA,10,26.4,15.1,3.1,8.6,11.5,-1.4,86.8,16.8,92.4,22,2.6,988.2,85.0,147.6968,0.0,203.36,89.4572
351150400,ZIELONA GORA,11,14.5,7.7,-5.5,2.4,4.7,-9.8,69.7,17.7,69.7,15,2.8,982.5,88.6,147.6968,0.0,203.36,89.4572
351150400,ZIELONA GORA,12,10.6,4.8,-7.6,0.9,2.7,-12.9,90.0,12.7,27.9,13,3.5,988.0,90.7,147.6968,0.0,203.36,89.4572
351160415,LEGNICA,1,18.4,6.5,-3.4,1.6,4.2,-5.4,21.9,4.6,47.3,15,0.0,1000.9,82.8,120.73209,103.33,133.81,98.4772
351160415,LEGNICA,2,13.3,6.6,-8.0,0.3,3.2,-9.6,34.0,10.5,85.0,11,0.0,1008.9,79.2,120.73209,103.33,133.81,98.4772
351160415,LEGNICA,3,19.2,10.7,-5.9,2.2,6.0,-7.8,34.8,10.0,130.3,15,0.0,995.3,72.7,120.73209,103.33,133.81,98.4772
351160415,LEGNICA,4,20.5,12.5,-4.1,3.8,7.9,-7.0,35.8,8.5,148.1,12,0.0,1001.5,74.2,120.73209,103.33,133.81,98.4772
351160415,LEGNICA,5,25.4,18.5,0.4,6.4,12.9,-1.8,35.3,13.7,291.0,6,2.6,1005.8,68.3,120.73209,103.33,133.81,98.4772
351160415,LEGNICA,6,30.7,24.5,2.6,11.2,18.1,0.4,57.6,17.8,276.0,13,2.2,1002.1,68.6,120.73209,103.33,133.81,98.4772
351160415,LEGNICA,7,34.4,27.2,9.6,13.9,20.6,7.4,41.8,12.1,291.0,15,2.7,998.2,61.6,120.73209,103.33,133.81,98.4772
351160415,LEGNICA,8,33.6,25.6,9.1,15.3,20.1,7.4,135.1,34.2,223.4,20,2.6,998.9,72.8,120.73209,103.33,133.81,98.4772
351160415,LEGNICA,9,30.4,25.0,7.8,12.0,18.2,5.6,13.5,4.0,278.8,5,2.2,1004.1,74.0,120.73209,103.33,133.81,98.4772
351160415,LEGNICA,10,29.3,17.1,-0.8,8.8,12.6,-3.4,53.1,10.3,127.4,20,3.0,996.8,79.5,120.73209,103.33,133.81,98.4772
351160415,LEGNICA,11,15.7,9.1,-10.0,2.9,5.8,-14.7,66.9,18.5,75.1,15,0.0,991.4,80.8,120.73209,103.33,133.81,98.4772
351160415,LEGNICA,12,12.6,6.4,-12.1,0.5,3.5,-19.2,46.4,9.1,55.5,18,0.0,997.1,82.3,120.73209,103.33,133.81,98.4772
351160418,LESZNO,1,16.9,5.7,-4.7,1.2,3.4,-7.0,37.8,6.2,35.5,12,3.6,1004.4,86.1,91.646996,0.0,103.11,99.8656
351160418,LESZNO,2,12.0,5.9,-9.0,-0.5,2.5,-11.8,43.8,15.6,87.0,10,4.1,1012.3,80.3,91.646996,0.0,103.11,99.8656
351160418,LESZNO,3,0.0,0.0,0.0,0.0,5.0,0.0,36.0,6.4,0.0,15,0.0,0.0,77.4,91.646996,0.0,103.11,99.8656
351160418,LESZNO,4,20.5,12.7,-5.2,3.1,7.7,-9.0,31.2,6.6,145.5,14,3.2,1005.4,75.8,91.646996,0.0,103.11,99.8656
351160418,LESZNO,5,24.5,18.7,0.8,6.9,13.2,-3.4,23.8,9.3,295.5,7,3.3,1009.9,64.1,91.646996,0.0,103.11,99.8656
351160418,LESZNO,6,31.2,24.8,2.7,11.0,18.3,-0.7,62.6,27.8,275.7,8,2.7,1005.8,64.0,91.646996,0.0,103.11,99.8656
351160418,LESZNO,7,34.5,26.9,7.1,12.9,20.1,5.2,36.4,9.1,283.8,15,2.8,1001.6,62.4,91.646996,0.0,103.11,99.8656
351160418,LESZNO,8,33.3,24.9,8.3,15.0,19.7,5.9,145.9,39.7,222.9,18,2.6,1002.4,75.7,91.646996,0.0,103.11,99.8656
351160418,LESZNO,9,30.1,24.7,5.3,11.4,17.9,2.7,11.6,6.0,284.7,3,2.2,1007.8,74.3,91.646996,0.0,103.11,99.8656
351160418,LESZNO,10,27.7,15.8,-1.4,7.8,11.5,-4.7,101.3,29.2,89.3,21,2.9,1000.2,84.4,91.646996,0.0,103.11,99.8656
351160418,LESZNO,11,15.4,8.4,-6.3,2.6,5.2,-9.7,70.2,24.6,76.9,18,3.5,994.7,85.0,91.646996,0.0,103.11,99.8656
351160418,LESZNO,12,11.6,5.1,-12.3,0.6,2.9,-17.1,70.9,10.2,33.7,17,4.1,1000.4,86.9,91.646996,0.0,103.11,99.8656
351160424,WROCLAW-STRACHOWICE,1,18.0,6.7,-5.6,1.4,4.0,-7.7,23.8,3.5,58.0,10,3.6,1001.5,85.6,121.340576,0.0,133.0763,98.5668
351160424,WROCLAW-STRACHOWICE,2,13.3,6.7,-9.6,-0.4,2.9,-11.5,33.7,10.2,74.0,8,3.8,1009.2,80.5,121.340576,0.0,133.0763,98.5668
351160424,WROCLAW-STRACHOWICE,3,19.2,11.1,-6.8,1.8,6.0,-9.3,28.7,8.1,134.4,12,3.7,995.9,74.6,121.340576,0.0,133.0763,98.5668
351160424,WROCLAW-STRACHOWICE,4,21.2,13.0,-4.7,3.8,8.3,-7.8,39.8,11.6,161.9,12,2.8,1001.8,74.6,121.340576,0.0,133.0763,98.5668
351160424,WROCLAW-STRACHOWICE,5,26.1,19.5,0.0,7.6,13.9,-3.1,24.3,7.8,281.3,6,3.1,1006.1,63.7,121.340576,0.0,133.0763,98.5668
351160424,WROCLAW-STRACHOWICE,6,32.2,25.6,5.0,12.3,19.1,0.9,71.8,25.6,278.6,13,2.7,1002.4,64.9,121.340576,0.0,133.0763,98.5668
351160424,WROCLAW-STRACHOWICE,7,34.4,27.6,10.1,14.5,21.1,7.0,41.9,8.0,279.2,14,2.8,998.7,62.6,121.340576,0.0,133.0763,98.5668
351160424,WROCLAW-STRACHOWICE,8,33.2,25.8,9.1,15.6,20.5,6.3,168.1,48.4,229.1,17,0.0,999.4,74.5,121.340576,0.0,133.0763,98.5668
351160424,WROCLAW-STRACHOWICE,9,30.4,25.1,8.4,12.4,18.5,5.2,14.0,5.9,0.0,5,2.2,1004.8,75.3,121.340576,0.0,133.0763,98.5668
351160424,WROCLAW-STRACHOWICE,10,27.8,17.3,-1.4,8.5,12.5,-4.0,56.7,13.4,120.2,19,3.0,997.4,82.5,121.340576,0.0,133.0763,98.5668
351160424,WROCLAW-STRACHOWICE,11,16.5,9.1,-7.4,2.6,5.6,-10.5,86.8,23.2,79.7,13,3.5,992.0,84.1,121.340576,0.0,133.0763,98.5668
351160424,WROCLAW-STRACHOWICE,12,12.4,6.0,-13.0,0.3,3.3,-20.1,53.1,7.0,53.8,12,4.0,997.8,86.0,121.340576,0.0,133.0763,98.5668
351180435,KALISZ,1,16.4,5.2,-3.4,1.7,3.3,-6.5,26.7,6.6,43.7,11,4.1,998.6,0.0,125.55772,95.65,149.25,97.8604
351180435,KALISZ,2,10.9,4.7,-5.8,-0.3,1.9,-8.2,27.1,9.4,57.3,7,4.5,1005.9,87.8,125.55772,95.65,149.25,97.8604
351180435,KALISZ,3,17.8,9.3,-4.9,1.5,4.9,-9.7,28.0,5.5,85.7,12,4.2,993.0,0.0,125.55772,95.65,149.25,97.8604
351180435,KALISZ,4,22.3,12.9,-3.2,4.3,8.1,-6.0,27.1,5.6,128.2,13,3.5,999.4,0.0,125.55772,95.65,149.25,97.8604
351180435,KALISZ,5,24.4,18.7,2.2,8.3,13.5,-3.0,31.1,14.5,277.9,4,3.4,1004.3,0.0,125.55772,95.65,149.25,97.8604
351180435,KALISZ,6,31.3,24.8,2.8,13.0,18.8,-1.4,30.5,11.3,277.1,13,3.0,1000.2,0.0,125.55772,95.65,149.25,97.8604
351180435,KALISZ,7,33.4,27.1,8.8,14.9,20.9,5.7,47.9,12.5,250.2,14,3.2,996.2,0.0,125.55772,95.65,149.25,97.8604
351180435,KALISZ,8,33.8,25.3,10.4,15.9,20.2,7.9,59.7,15.8,212.8,18,3.2,996.9,0.0,125.55772,95.65,149.25,97.8604
351180435,KALISZ,9,30.1,25.0,9.1,13.6,19.1,6.6,18.9,8.9,261.5,4,2.8,1002.7,0.0,125.55772,95.65,149.25,97.8604
351180435,KALISZ,10,27.9,15.7,-0.2,8.0,11.4,-3.7,55.3,14.2,80.7,17,3.8,994.8,0.0,125.55772,95.65,149.25,97.8604
351180435,KALISZ,11,15.8,7.6,-5.3,2.3,4.7,-8.0,64.0,25.9,59.5,14,4.1,989.2,87.6,125.55772,95.65,149.25,97.8604
351180435,KALISZ,12,10.6,4.5,-7.5,0.5,2.4,-9.0,43.0,9.0,26.0,9,4.9,994.6,88.9,125.55772,95.65,149.25,97.8604
351180455,WIELUN,1,16.3,5.5,-3.8,1.5,3.3,-7.0,27.0,3.7,36.8,9,2.6,991.7,87.8,,,,
351180455,WIELUN,2,10.4,4.8,-7.9,-0.5,1.8,-11.7,46.0,16.2,54.7,10,3.0,998.7,82.9,,,,
351180455,WIELUN,3,19.6,10.0,-6.0,1.3,5.1,-9.0,21.0,4.3,102.2,11,2.7,986.1,76.1,,,,
351180455,WIELUN,4,23.2,13.0,-5.0,3.6,7.9,-8.4,30.4,5.0,120.8,12,2.5,991.8,74.3,,,,
351180455,WIELUN,5,24.9,18.8,0.2,7.5,13.1,-3.9,24.3,10.1,268.9,7,2.4,996.8,62.7,,,,
351180455,WIELUN,6,31.7,24.6,4.0,12.1,18.3,-0.7,48.4,13.5,275.0,12,0.0,993.0,62.8,,,,
351180455,WIELUN,7,33.0,26.7,8.5,14.2,20.2,6.8,55.6,14.2,256.2,13,2.0,989.5,62.7,,,,
351180455,WIELUN,8,32.9,25.6,10.3,15.6,20.1,6.9,78.9,31.1,214.8,18,1.9,990.1,71.4,,,,
351180455,WIELUN,9,31.2,24.7,8.7,12.8,18.4,4.8,15.5,6.8,255.3,7,1.9,995.8,70.0,,,,
351180455,WIELUN,10,26.6,15.9,0.0,8.2,11.5,-4.2,74.9,14.1,94.6,18,2.3,988.1,84.9,,,,
351180455,WIELUN,11,16.7,7.6,-6.5,2.1,4.6,-11.2,46.6,10.3,65.0,13,2.7,982.4,86.2,,,,
351180455,WIELUN,12,10.6,4.7,-9.6,0.1,2.2,-13.4,43.0,9.0,23.3,9,3.2,987.9,86.3,,,,
351190465,LODZ-LUBLINEK,1,16.6,5.2,-4.4,1.1,3.2,-7.1,35.2,7.5,40.3,12,3.2,993.7,87.5,180.2916,165.55,199.43,98.452
351190465,LODZ-LUBLINEK,2,10.5,4.3,-12.3,-1.7,1.2,-15.4,58.8,11.5,60.7,7,3.9,1000.3,81.4,180.2916,165.55,199.43,98.452
351190465,LODZ-LUBLINEK,3,19.6,9.3,-10.6,-0.9,4.1,-15.9,42.7,8.4,109.1,11,3.2,988.1,76.7,180.2916,165.55,199.43,98.452
351190465,LODZ-LUBLINEK,4,22.8,13.2,-7.1,3.0,8.0,-10.3,55.4,10.2,165.1,12,3.0,994.1,73.3,180.2916,165.55,199.43,98.452
351190465,LODZ-LUBLINEK,5,23.7,18.8,-1.8,6.8,13.1,-5.7,22.3,10.2,295.8,7,3.3,999.5,61.1,180.2916,165.55,199.43,98.452
351190465,LODZ-LUBLINEK,6,31.0,24.5,2.7,10.7,17.9,-1.2,15.1,5.8,291.1,10,3.0,995.2,63.7,180.2916,165.55,199.43,98.452
351190465,LODZ-LUBLINEK,7,31.9,26.4,7.4,12.9,19.7,3.9,51.3,15.8,277.7,12,2.5,991.4,65.0,180.2916,165.55,199.43,98.452
351190465,LODZ-LUBLINEK,8,33.9,25.5,6.4,14.7,19.7,4.1,100.1,47.5,226.6,21,2.4,992.2,74.6,180.2916,165.55,199.43,98.452
351190465,LODZ-LUBLINEK,9,29.7,24.0,6.9,10.7,17.1,3.0,13.8,5.9,265.8,7,1.9,998.1,76.9,180.2916,165.55,199.43,98.452
351190465,LODZ-LUBLINEK,10,26.5,15.3,-3.5,6.3,10.6,-6.8,125.5,39.6,99.8,20,3.0,990.0,85.4,180.2916,165.55,199.43,98.452
351190465,LODZ-LUBLINEK,11,15.9,6.9,-7.6,0.8,4.0,-9.8,65.0,11.2,51.1,12,3.2,984.4,86.3,180.2916,165.55,199.43,98.452
351190465,LODZ-LUBLINEK,12,10.1,4.1,-9.7,-0.4,1.9,-15.9,58.3,11.2,21.2,11,4.4,989.6,87.2,180.2916,165.55,199.43,98.452
351190469,SULEJOW,1,16.0,4.8,-3.1,1.0,2.8,-4.4,33.1,10.2,36.0,10,3.5,992.9,88.6,183.67944,0.0,201.08,96.4308
351190469,SULEJOW,2,9.6,4.0,-11.1,-1.6,1.0,-14.6,38.1,9.8,71.1,8,4.1,999.2,81.7,183.67944,0.0,201.08,96.4308
351190469,SULEJOW,3,18.4,9.2,-7.0,0.2,4.2,-8.8,25.2,5.8,120.6,9,3.8,987.2,77.4,183.67944,0.0,201.08,96.4308
351190469,SULEJOW,4,22.1,12.8,-5.7,3.2,7.8,-7.2,56.3,23.0,174.5,12,2.9,992.8,75.3,183.67944,0.0,201.08,96.4308
351190469,SULEJOW,5,23.2,18.2,-1.0,6.3,12.5,-4.6,41.1,11.6,294.9,7,2.8,998.2,67.3,183.67944,0.0,201.08,96.4308
351190469,SULEJOW,6,30.7,23.9,2.3,10.8,17.4,-0.7,46.4,24.6,297.6,11,2.5,994.0,70.0,183.67944,0.0,201.08,96.4308
351190469,SULEJOW,7,33.2,26.5,9.2,13.4,19.7,7.1,49.8,11.3,280.6,16,2.5,990.5,68.5,183.67944,0.0,201.08,96.4308
351190469,SULEJOW,8,33.1,26.0,7.8,14.9,20.0,6.5,88.8,16.2,226.5,16,2.6,991.3,75.6,183.67944,0.0,201.08,96.4308
351190469,SULEJOW,9,30.3,24.3,5.2,11.6,17.5,3.2,10.3,3.6,265.9,4,2.1,997.2,77.0,183.67944,0.0,201.08,96.4308
351190469,SULEJOW,10,26.4,15.5,-1.9,7.1,10.9,-3.9,56.9,9.8,113.5,16,3.4,989.2,85.2,183.67944,0.0,201.08,96.4308
351190469,SULEJOW,11,15.6,6.9,-7.9,0.8,3.9,-9.0,42.1,8.3,54.2,12,3.8,983.5,86.8,183.67944,0.0,201.08,96.4308
351190469,SULEJOW,12,10.7,3.9,-11.5,-0.6,1.7,-16.8,46.2,10.9,30.0,12,4.6,988.8,87.3,183.67944,0.0,201.08,96.4308
351210488,KOZIENICE,1,18.0,5.2,-4.0,1.2,3.1,-5.9,62.0,8.7,21.9,12,2.4,1000.7,89.0,123.58958,106.74,157.64,98.508
351210488,KOZIENICE,2,9.7,4.3,-11.9,-1.6,1.4,-15.5,31.5,7.6,72.0,7,3.1,1006.2,80.2,123.58958,106.74,157.64,98.508
351210488,KOZIENICE,3,20.6,9.9,-7.0,-0.1,4.6,-14.2,38.4,7.4,122.4,10,2.7,994.8,74.8,123.58958,106.74,157.64,98.508
351210488,KOZIENICE,4,23.2,14.1,-6.8,2.9,8.5,-8.0,35.6,9.8,179.9,11,2.4,1000.3,72.9,123.58958,106.74,157.64,98.508
351210488,KOZIENICE,5,25.4,19.1,-2.5,5.3,12.6,-3.2,51.9,17.7,304.6,8,2.2,1006.0,66.9,123.58958,106.74,157.64,98.508
351210488,KOZIENICE,6,29.5,24.3,0.3,10.2,17.5,-0.9,25.1,7.6,289.6,12,1.9,1001.3,69.9,123.58958,106.74,157.64,98.508
351210488,KOZIENICE,7,34.9,26.9,7.1,13.1,20.1,6.2,56.7,26.3,282.2,14,2.1,997.6,66.5,123.58958,106.74,157.64,98.508
351210488,KOZIENICE,8,34.3,27.0,6.8,15.0,20.5,6.5,76.2,18.2,244.4,17,1.8,998.7,74.6,123.58958,106.74,157.64,98.508
351210488,KOZIENICE,9,30.5,24.7,4.2,10.7,17.3,2.8,12.6,6.4,0.0,6,1.6,1005.0,78.1,123.58958,106.74,157.64,98.508
351210488,KOZIENICE,10,26.3,16.2,-3.7,6.8,11.1,-5.5,54.8,13.4,113.4,17,2.3,996.9,83.6,123.58958,106.74,157.64,98.508
351210488,KOZIENICE,11,15.2,6.9,-10.8,0.8,3.9,-16.3,42.0,6.2,56.3,11,2.7,991.4,85.6,123.58958,106.74,157.64,98.508
351210488,KOZIENICE,12,11.1,4.1,-12.4,-1.1,1.8,-18.3,42.4,9.3,20.8,11,3.0,996.6,86.9,123.58958,106.74,157.64,98.508
351220495,LUBLIN-RADAWIEC,1,12.3,4.1,-2.8,0.8,2.2,-4.4,68.7,13.0,22.8,11,3.1,987.3,89.8,233.90834,209.61,253.53,98.5192
351220495,LUBLIN-RADAWIEC,2,8.9,3.1,-11.1,-1.9,0.5,-16.1,37.3,11.0,83.7,5,3.9,992.2,80.7,233.90834,209.61,253.53,98.5192
351220495,LUBLIN-RADAWIEC,3,18.7,8.9,-9.4,0.5,4.3,-15.1,36.5,10.9,128.8,11,3.4,981.4,75.0,233.90834,209.61,253.53,98.5192
351220495,LUBLIN-RADAWIEC,4,21.2,12.8,-4.3,3.8,8.1,-5.9,62.5,16.1,171.3,13,2.9,986.5,74.4,233.90834,209.61,253.53,98.5192
351220495,LUBLIN-RADAWIEC,5,24.0,18.0,-0.3,6.7,12.7,-3.3,71.6,24.1,298.6,7,2.3,992.5,65.7,233.90834,209.61,253.53,98.5192
351220495,LUBLIN-RADAWIEC,6,27.8,22.7,3.4,11.9,17.2,1.5,38.4,15.1,269.4,13,0.0,988.1,72.1,233.90834,209.61,253.53,98.5192
351220495,LUBLIN-RADAWIEC,7,32.5,25.3,9.6,13.9,19.5,8.2,87.7,32.3,278.5,11,0.0,984.8,71.1,233.90834,209.61,253.53,98.5192
351220495,LUBLIN-RADAWIEC,8,32.7,26.3,10.0,15.5,20.3,8.0,68.6,15.9,254.3,17,2.0,986.0,75.1,233.90834,209.61,253.53,98.5192
351220495,LUBLIN-RADAWIEC,9,28.9,23.6,8.4,12.2,17.5,5.8,33.2,21.3,253.0,9,1.9,991.9,77.9,233.90834,209.61,253.53,98.5192
351220495,LUBLIN-RADAWIEC,10,22.8,15.4,-1.8,7.2,10.9,-5.5,73.9,30.1,127.2,19,2.8,983.7,84.9,233.90834,209.61,253.53,98.5192
351220495,LUBLIN-RADAWIEC,11,14.0,6.1,-11.4,0.7,3.3,-17.1,51.2,14.0,59.4,9,3.3,977.9,87.1,233.90834,209.61,253.53,98.5192
351220495,LUBLIN-RADAWIEC,12,10.2,2.8,-14.1,-1.7,0.8,-22.7,43.6,10.0,22.2,10,3.8,982.9,89.8,233.90834,209.61,253.53,98.5192
351230497,WLODAWA,1,14.3,4.1,-2.2,0.7,2.2,-3.4,75.9,12.6,24.3,12,4.2,994.7,91.1,150.11938,0.0,182.49,98.9436
351230497,WLODAWA,2,8.1,3.4,-10.0,-1.6,0.7,-12.8,39.9,11.9,85.0,4,5.0,998.9,81.8,150.11938,0.0,182.49,98.9436
351230497,WLODAWA,3,18.0,8.9,-7.3,0.4,4.3,-11.3,43.4,7.6,140.1,8,0.0,988.4,76.7,150.11938,0.0,182.49,98.9436
351230497,WLODAWA,4,21.1,13.1,-3.4,3.8,8.3,-5.1,40.9,9.8,163.1,13,3.5,993.8,73.6,150.11938,0.0,182.49,98.9436
351230497,WLODAWA,5,25.9,19.0,-0.4,6.8,13.2,-3.0,91.1,38.6,334.0,8,3.0,1000.0,62.6,150.11938,0.0,182.49,98.9436
351230497,WLODAWA,6,28.1,22.6,3.7,12.0,17.2,1.2,60.7,20.2,259.6,12,2.7,995.1,74.3,150.11938,0.0,182.49,98.9436
351230497,WLODAWA,7,33.3,25.8,9.6,13.9,19.8,8.1,75.7,26.7,295.8,14,3.0,991.5,70.5,150.11938,0.0,182.49,98.9436
351230497,WLODAWA,8,32.4,27.1,9.0,15.3,21.0,7.6,64.4,15.0,281.6,12,2.7,993.0,73.6,150.11938,0.0,182.49,98.9436
351230497,WLODAWA,9,29.5,24.4,6.3,11.4,17.5,3.7,14.0,11.5,280.9,7,2.5,999.2,76.3,150.11938,0.0,182.49,98.9436
351230497,WLODAWA,10,24.7,15.7,-2.8,6.4,10.6,-5.1,53.3,18.7,135.4,18,3.8,990.6,82.7,150.11938,0.0,182.49,98.9436
351230497,WLODAWA,11,15.6,6.4,-10.9,0.4,3.2,-13.6,41.7,6.5,67.9,7,4.2,985.0,85.5,150.11938,0.0,182.49,98.9436
351230497,WLODAWA,12,10.2,2.9,-14.1,-1.5,0.8,-19.9,48.4,10.5,23.7,9,0.0,989.8,87.8,150.11938,0.0,182.49,98.9436
352140310,SLUBICE,1,17.3,6.3,-4.4,1.7,3.9,-8.0,53.3,16.6,30.2,13,3.5,1008.5,87.6,39.65117,17.34,72.39,91.9368
352140310,SLUBICE,2,12.5,6.8,-9.7,-0.8,2.7,-11.6,38.7,14.4,91.5,13,3.3,1017.4,82.6,39.65117,17.34,72.39,91.9368
352140310,SLUBICE,3,17.5,9.8,-7.2,2.1,5.6,-9.7,78.3,21.4,103.6,9,3.3,1002.9,77.9,39.65117,17.34,72.39,91.9368
352140310,SLUBICE,4,21.5,12.5,-3.9,3.7,7.8,-5.9,57.8,13.2,137.3,14,2.8,1010.5,76.4,39.65117,17.34,72.39,91.9368
352140310,SLUBICE,5,26.6,19.6,-0.4,7.4,13.6,-3.1,39.7,19.3,315.7,6,2.9,1014.5,62.3,39.65117,17.34,72.39,91.9368
352140310,SLUBICE,6,30.9,25.1,3.3,12.2,18.6,-0.1,72.7,30.7,269.4,9,2.3,1010.7,64.6,39.65117,17.34,72.39,91.9368
352140310,SLUBICE,7,35.4,26.2,8.4,14.1,20.1,5.9,38.9,9.8,274.7,11,2.8,1005.8,61.3,39.65117,17.34,72.39,91.9368
352140310,SLUBICE,8,32.0,24.6,10.2,15.0,19.5,8.0,97.2,19.9,209.5,16,2.5,1006.7,74.8,39.65117,17.34,72.39,91.9368
352140310,SLUBICE,9,30.6,25.1,4.5,12.0,18.3,1.3,7.9,3.3,277.9,5,2.3,1011.9,70.0,39.65117,17.34,72.39,91.9368
352140310,SLUBICE,10,27.2,15.7,-2.3,8.4,11.7,-5.1,93.6,17.4,97.7,26,2.8,1004.3,81.4,39.65117,17.34,72.39,91.9368
352140310,SLUBICE,11,14.7,8.8,-5.1,2.9,5.5,-12.0,63.8,14.7,65.7,18,3.3,998.8,83.2,39.65117,17.34,72.39,91.9368
352140310,SLUBICE,12,11.7,5.7,-11.2,1.3,3.5,-14.6,79.3,12.3,31.3,16,3.6,1004.5,85.9,39.65117,17.34,72.39,91.9368
352150300,GORZOW WIELKOPOLSKI,1,16.6,5.8,-3.1,1.6,3.5,-4.8,55.2,16.3,25.1,13,3.0,1005.7,87.6,51.617504,17.34,93.74,89.80120000000001
352150300,GORZOW WIELKOPOLSKI,2,11.1,6.2,-7.3,-0.2,2.5,-9.8,43.2,11.4,81.4,7,3.2,1014.3,80.5,51.617504,17.34,93.74,89.80120000000001
352150300,GORZOW WIELKOPOLSKI,3,16.4,9.2,-5.3,1.7,4.9,-7.3,77.9,19.3,87.6,10,2.9,1000.1,78.3,51.617504,17.34,93.74,89.80120000000001
352150300,GORZOW WIELKOPOLSKI,4,21.1,12.6,-2.9,4.5,8.1,-3.9,48.0,14.1,0.0,15,2.9,1008.1,71.5,51.617504,17.34,93.74,89.80120000000001
352150300,GORZOW WIELKOPOLSKI,5,26.5,19.3,1.8,8.1,13.7,-1.2,26.6,13.9,300.4,5,3.0,1012.5,58.5,51.617504,17.34,93.74,89.80120000000001
352150300,GORZOW WIELKOPOLSKI,6,30.5,24.9,4.3,13.3,18.9,2.0,43.1,23.6,260.5,10,2.4,1008.4,60.1,51.617504,17.34,93.74,89.80120000000001
352150300,GORZOW WIELKOPOLSKI,7,34.2,25.8,9.9,14.0,19.8,7.4,70.4,44.4,240.5,15,2.7,1003.3,60.5,51.617504,17.34,93.74,89.80120000000001
352150300,GORZOW WIELKOPOLSKI,8,31.9,24.2,9.5,15.2,19.2,7.6,120.8,38.3,177.0,18,2.4,1004.2,75.2,51.617504,17.34,93.74,89.80120000000001
352150300,GORZOW WIELKOPOLSKI,9,30.0,24.5,7.4,12.8,18.4,4.0,8.2,4.8,263.9,5,2.0,1009.7,72.4,51.617504,17.34,93.74,89.80120000000001
352150300,GORZOW WIELKOPOLSKI,10,26.5,14.8,-1.2,7.8,11.0,-3.5,86.1,9.9,70.4,25,2.5,1001.7,86.3,51.617504,17.34,93.74,89.80120000000001
352150300,GORZOW WIELKOPOLSKI,11,14.0,8.1,-5.8,2.6,4.9,-15.5,61.1,9.7,56.6,17,2.7,996.0,88.9,51.617504,17.34,93.74,89.80120000000001
352150300,GORZOW WIELKOPOLSKI,12,10.6,4.9,-10.9,0.8,2.8,-16.3,89.6,16.7,24.7,12,3.2,1001.6,90.2,51.617504,17.34,93.74,89.80120000000001
352160330,POZNAN-LAWICA,1,15.8,5.4,-5.5,1.5,3.4,-7.9,53.3,11.2,27.3,11,3.8,1004.4,89.1,87.29957,0.0,107.78361,97.918
352160330,POZNAN-LAWICA,2,11.3,5.8,-8.4,-0.8,2.2,-10.9,40.1,10.1,82.2,9,4.5,1012.2,82.1,87.29957,0.0,107.78361,97.918
352160330,POZNAN-LAWICA,3,17.5,9.4,-7.5,1.2,4.8,-10.3,51.4,10.8,89.9,10,4.0,998.7,79.2,87.29957,0.0,107.78361,97.918
352160330,POZNAN-LAWICA,4,21.8,13.2,-4.0,4.0,8.4,-8.0,36.8,7.7,148.8,14,3.7,1006.0,72.2,87.29957,0.0,107.78361,97.918
352160330,POZNAN-LAWICA,5,25.8,19.4,1.4,7.6,13.8,-2.2,29.5,14.1,308.2,6,3.9,1010.7,58.9,87.29957,0.0,107.78361,97.918
352160330,POZNAN-LAWICA,6,31.9,25.7,5.4,13.2,19.4,2.3,38.7,12.8,287.0,11,3.3,1006.5,56.7,87.29957,0.0,107.78361,97.918
352160330,POZNAN-LAWICA,7,34.3,26.8,10.0,14.3,20.5,8.2,61.7,22.6,280.2,16,3.5,1001.8,56.8,87.29957,0.0,107.78361,97.918
352160330,POZNAN-LAWICA,8,33.1,24.6,9.6,15.2,19.8,7.7,156.1,53.7,219.9,19,3.1,1002.6,70.7,87.29957,0.0,107.78361,97.918
352160330,POZNAN-LAWICA,9,29.9,25.0,7.3,12.6,18.6,4.3,3.3,1.3,292.8,4,2.8,1008.3,68.6,87.29957,0.0,107.78361,97.918
352160330,POZNAN-LAWICA,10,27.1,15.2,-2.3,7.5,11.1,-4.9,78.4,13.9,75.1,22,3.5,1000.3,82.5,87.29957,0.0,107.78361,97.918
352160330,POZNAN-LAWICA,11,14.5,7.9,-8.0,1.6,4.7,-13.4,84.5,24.3,67.6,15,3.8,994.8,85.6,87.29957,0.0,107.78361,97.918
352160330,POZNAN-LAWICA,12,10.8,5.0,-12.2,0.5,2.7,-15.4,76.7,13.2,35.9,12,4.7,1000.1,86.1,87.29957,0.0,107.78361,97.918
352180345,KOLO,1,0.0,0.0,0.0,0.0,0.0,0.0,0.0,0.0,0.0,0,0.0,0.0,0.0,106.17869,90.09,125.73,99.2876
352180345,KOLO,2,10.6,4.5,-8.8,-1.0,1.6,-16.5,46.8,12.8,60.8,11,4.3,1008.7,84.2,106.17869,90.09,125.73,99.2876
352180345,KOLO,3,18.6,8.9,-5.9,1.0,4.5,-9.5,26.8,9.8,101.2,18,4.0,996.0,79.9,106.17869,90.09,125.73,99.2876
352180345,KOLO,4,0.0,0.0,0.0,0.0,0.0,0.0,52.4,8.1,0.0,16,0.0,0.0,0.0,106.17869,90.09,125.73,99.2876
352180345,KOLO,5,23.9,18.8,0.5,7.1,13.2,-2.5,19.5,8.6,310.6,5,3.3,1008.2,64.0,106.17869,90.09,125.73,99.2876
352180345,KOLO,6,0.0,0.0,0.0,0.0,0.0,0.0,43.9,24.3,0.0,13,0.0,0.0,0.0,106.17869,90.09,125.73,99.2876
352180345,KOLO,7,0.0,0.0,0.0,0.0,0.0,0.0,25.7,9.7,0.0,16,0.0,0.0,0.0,106.17869,90.09,125.73,99.2876
352180345,KOLO,8,35.3,25.9,9.3,15.4,20.2,7.1,72.3,21.5,222.0,17,2.8,1000.1,72.4,106.17869,90.09,125.73,99.2876
352180345,KOLO,9,30.1,25.3,8.1,12.3,18.4,6.1,14.8,6.3,279.3,6,2.6,1006.1,72.2,106.17869,90.09,125.73,99.2876
352180345,KOLO,10,28.1,15.3,-1.0,7.3,10.9,-2.6,50.3,8.6,0.0,18,3.6,997.8,84.3,106.17869,90.09,125.73,99.2876
352180345,KOLO,11,16.4,8.9,-6.9,2.0,0.0,0.0,73.7,31.8,63.6,20,0.0,0.0,0.0,106.17869,90.09,125.73,99.2876
352180345,KOLO,12,11.1,4.3,-9.9,0.1,2.3,-12.9,64.3,13.3,12.1,16,4.8,997.4,0.0,106.17869,90.09,125.73,99.2876
352190360,PLOCK,1,16.6,4.9,-2.6,1.6,3.1,-4.2,24.5,9.1,27.0,14,3.9,1001.9,89.4,108.39357,75.94,125.17,97.7084
352190360,PLOCK,2,10.5,3.9,-11.5,-1.6,1.1,-15.4,23.8,7.6,58.8,11,4.0,1008.2,83.6,108.39357,75.94,125.17,97.7084
352190360,PLOCK,3,18.0,8.6,-6.1,0.6,4.1,-9.2,20.8,5.8,93.9,17,3.7,996.0,79.2,108.39357,75.94,125.17,97.7084
352190360,PLOCK,4,21.7,13.0,-4.0,3.9,8.2,-6.9,20.7,4.9,170.6,11,3.1,1003.0,74.0,108.39357,75.94,125.17,97.7084
352190360,PLOCK,5,23.1,18.4,-0.6,6.8,12.9,-3.7,29.1,11.2,311.3,7,2.9,1008.5,61.8,108.39357,75.94,125.17,97.7084
352190360,PLOCK,6,28.7,23.9,1.0,11.1,17.6,-2.0,23.9,7.7,292.2,10,2.4,1003.6,63.7,108.39357,75.94,125.17,97.7084
352190360,PLOCK,7,32.6,25.9,8.9,13.4,19.6,7.0,65.3,31.9,254.3,13,0.0,999.1,61.9,108.39357,75.94,125.17,97.7084
352190360,PLOCK,8,34.1,25.8,9.0,15.2,20.1,7.3,62.2,16.5,215.5,16,2.8,1000.1,70.0,108.39357,75.94,125.17,97.7084
352190360,PLOCK,9,29.9,24.3,6.7,12.0,17.9,4.0,9.5,2.8,273.4,8,2.3,1006.3,71.0,108.39357,75.94,125.17,97.7084
352190360,PLOCK,10,26.9,14.5,-0.8,6.9,10.4,-3.2,53.9,9.8,87.7,18,3.7,997.7,82.0,108.39357,75.94,125.17,97.7084
352190360,PLOCK,11,0.0,0.0,0.0,0.0,0.0,0.0,0.0,0.0,0.0,0,0.0,0.0,0.0,108.39357,75.94,125.17,97.7084
352190360,PLOCK,12,0.0,0.0,0.0,0.0,0.0,0.0,0.0,0.0,0.0,0,0.0,0.0,0.0,108.39357,75.94,125.17,97.7084
352200375,WARSZAWA-OKLCIE,1,18.9,5.4,-3.9,1.6,3.4,-7.3,43.6,8.2,33.5,9,3.4,1002.8,86.7,,,,
352200375,WARSZAWA-OKLCIE,2,9.9,4.1,-8.7,-1.1,1.4,-13.4,32.2,7.2,65.7,5,4.1,1008.6,80.6,,,,
352200375,WARSZAWA-OKLCIE,3,20.0,9.1,-9.0,0.1,4.5,-12.7,23.8,4.8,0.0,10,3.4,996.8,75.2,,,,
352200375,WARSZAWA-OKLCIE,4,22.6,13.9,-5.2,4.5,9.2,-7.8,48.1,15.8,200.1,12,3.6,1003.1,69.5,,,,
352200375,WARSZAWA-OKLCIE,5,25.6,19.2,1.7,8.2,14.0,-2.2,42.2,18.6,329.2,7,3.5,1008.9,58.5,,,,
352200375,WARSZAWA-OKLCIE,6,29.0,24.8,4.2,12.7,18.8,1.7,42.2,15.0,317.8,12,2.8,1003.9,62.1,,,,
352200375,WARSZAWA-OKLCIE,7,33.5,26.9,9.4,14.8,20.9,6.6,46.2,14.3,299.7,11,2.6,999.9,61.1,,,,
352200375,WARSZAWA-OKLCIE,8,34.3,26.6,9.3,16.2,21.1,7.5,88.6,29.0,255.3,14,2.4,1000.8,70.0,,,,
352200375,WARSZAWA-OKLCIE,9,30.4,24.9,8.5,12.7,18.5,6.2,9.9,5.2,280.4,6,2.2,1007.1,71.6,,,,
352200375,WARSZAWA-OKLCIE,10,25.8,15.3,-1.6,7.1,11.0,-5.1,73.1,25.2,110.9,15,2.9,998.6,82.1,,,,
352200375,WARSZAWA-OKLCIE,11,14.3,6.6,-6.8,1.4,3.9,-7.7,61.7,13.0,52.1,10,3.3,993.2,84.4,,,,
352200375,WARSZAWA-OKLCIE,12,10.4,4.0,-8.7,-0.1,2.1,-14.2,61.9,10.2,20.6,12,3.6,998.2,86.9,,,,
352220385,SIEDLCE,1,17.7,4.3,-2.3,1.2,2.6,-3.0,60.5,7.3,27.9,9,2.9,997.0,88.1,147.92453,0.0,165.95,99.238
352220385,SIEDLCE,2,9.3,3.6,-8.3,-1.1,1.0,-9.8,33.4,9.5,70.7,7,3.3,1001.9,79.8,147.92453,0.0,165.95,99.238
352220385,SIEDLCE,3,19.3,8.9,-6.0,0.0,4.1,-10.9,22.3,4.6,135.4,8,3.1,990.9,74.6,147.92453,0.0,165.95,99.238
352220385,SIEDLCE,4,22.3,13.4,-4.1,3.2,8.3,-6.0,37.9,21.8,173.4,11,2.6,997.1,71.7,147.92453,0.0,165.95,99.238
352220385,SIEDLCE,5,25.5,18.6,-1.9,5.8,12.7,-3.0,43.4,15.1,318.4,6,2.2,1003.1,63.5,147.92453,0.0,165.95,99.238
352220385,SIEDLCE,6,28.7,23.3,1.5,10.6,17.1,-1.2,54.2,25.2,261.1,15,1.7,998.1,72.0,147.92453,0.0,165.95,99.238
352220385,SIEDLCE,7,34.1,26.0,8.5,13.4,19.8,5.8,50.5,21.9,286.9,14,2.1,994.1,67.4,147.92453,0.0,165.95,99.238
352220385,SIEDLCE,8,33.1,26.8,8.3,15.1,20.6,5.9,60.0,22.8,253.6,19,2.1,995.3,74.2,147.92453,0.0,165.95,99.238
352220385,SIEDLCE,9,29.7,24.6,5.4,10.9,17.5,2.6,14.2,7.4,275.2,5,1.9,1001.6,74.7,147.92453,0.0,165.95,99.238
352220385,SIEDLCE,10,24.9,15.0,-2.1,6.7,10.3,-5.5,46.6,8.3,110.2,18,2.8,992.8,83.3,147.92453,0.0,165.95,99.238
352220385,SIEDLCE,11,14.1,6.0,-8.0,0.8,3.3,-10.0,59.1,20.9,57.9,11,3.1,987.4,86.3,147.92453,0.0,165.95,99.238
352220385,SIEDLCE,12,9.4,3.0,-11.5,-0.8,1.2,-17.9,71.3,14.6,18.0,11,3.5,992.1,89.7,147.92453,0.0,165.95,99.238
352230399,TERESPOL,1,16.1,4.3,-3.3,0.9,2.5,-3.2,74.2,15.9,20.7,10,3.1,999.6,88.5,37.450726,0.0,142.38,98.8904
352230399,TERESPOL,2,8.4,3.6,-6.7,-0.9,1.1,-8.6,25.2,8.8,70.1,4,3.2,1003.6,79.3,37.450726,0.0,142.38,98.8904
352230399,TERESPOL,3,17.7,9.0,-5.2,0.6,4.4,-7.6,40.9,9.9,135.0,8,3.1,993.1,75.1,37.450726,0.0,142.38,98.8904
352230399,TERESPOL,4,21.8,13.4,-3.5,4.3,8.9,-5.2,28.1,9.5,160.0,13,2.9,999.2,71.0,37.450726,0.0,142.38,98.8904
352230399,TERESPOL,5,25.7,19.1,-1.0,6.6,13.3,-3.4,50.1,26.6,337.4,7,2.4,1005.3,61.9,37.450726,0.0,142.38,98.8904
352230399,TERESPOL,6,29.0,22.9,3.2,11.4,17.2,0.8,87.6,19.6,263.9,15,2.0,1000.0,74.5,37.450726,0.0,142.38,98.8904
352230399,TERESPOL,7,33.3,25.7,8.8,13.6,19.7,6.7,40.4,12.9,305.0,17,2.1,996.2,70.4,37.450726,0.0,142.38,98.8904
352230399,TERESPOL,8,33.7,27.4,8.8,15.3,0.0,7.1,68.3,25.0,0.0,14,0.0,0.0,0.0,37.450726,0.0,142.38,98.8904
352230399,TERESPOL,9,29.6,24.7,6.3,11.2,17.6,3.7,18.7,9.2,278.7,4,2.0,1004.1,75.8,37.450726,0.0,142.38,98.8904
352230399,TERESPOL,10,24.3,15.0,-1.0,6.4,10.4,-3.2,44.2,7.7,108.1,18,2.8,995.1,81.6,37.450726,0.0,142.38,98.8904
352230399,TERESPOL,11,15.1,6.3,-10.3,0.5,3.4,-17.3,38.7,8.0,55.7,10,3.1,989.8,82.6,37.450726,0.0,142.38,98.8904
352230399,TERESPOL,12,9.4,2.9,-10.8,-0.9,1.1,-17.5,41.5,6.3,15.7,10,3.1,994.4,86.1,37.450726,0.0,142.38,98.8904
353140200,SWINOUJSCIE,1,15.0,5.9,-4.2,1.9,3.8,-7.4,58.2,11.8,14.1,16,4.1,1012.4,86.0,1.8400384,-0.9,57.39,96.502
353140200,SWINOUJSCIE,2,10.3,5.5,-5.1,0.4,2.7,-8.0,43.5,9.1,70.3,8,0.0,0.0,83.3,1.8400384,-0.9,57.39,96.502
353140200,SWINOUJSCIE,3,16.5,8.6,-3.6,2.0,4.9,-5.9,49.5,8.6,122.0,12,4.1,1007.1,78.6,1.8400384,-0.9,57.39,96.502
353140200,SWINOUJSCIE,4,20.1,10.2,-2.7,4.2,6.8,-4.3,20.9,8.3,188.9,11,5.5,1017.2,78.5,1.8400384,-0.9,57.39,96.502
353140200,SWINOUJSCIE,5,24.1,16.3,1.1,8.0,12.2,-1.0,5.3,4.0,329.3,4,4.3,1021.2,70.6,1.8400384,-0.9,57.39,96.502
353140200,SWINOUJSCIE,6,30.7,20.9,3.9,12.7,17.0,0.7,47.8,14.2,305.2,9,4.2,1017.2,76.3,1.8400384,-0.9,57.39,96.502
353140200,SWINOUJSCIE,7,33.5,23.5,9.8,14.1,18.4,7.5,61.8,9.4,256.9,21,3.2,1010.5,73.7,1.8400384,-0.9,57.39,96.502
353140200,SWINOUJSCIE,8,30.8,22.2,10.5,14.9,18.0,8.9,111.5,36.0,186.8,20,0.0,0.0,84.2,1.8400384,-0.9,57.39,96.502
353140200,SWINOUJSCIE,9,29.3,22.9,8.7,14.0,17.9,4.5,15.1,11.9,244.9,5,2.9,1017.0,82.0,1.8400384,-0.9,57.39,96.502
353140200,SWINOUJSCIE,10,22.5,14.6,2.6,8.3,11.1,0.5,69.1,18.0,70.7,19,4.0,1008.7,86.5,1.8400384,-0.9,57.39,96.502
353140200,SWINOUJSCIE,11,12.5,7.9,-6.4,3.2,5.5,-10.1,68.7,11.2,25.2,17,3.9,1002.8,87.6,1.8400384,-0.9,57.39,96.502
353140200,SWINOUJSCIE,12,10.6,4.9,-8.7,1.4,3.1,-12.3,62.4,14.0,8.5,14,4.0,1008.2,90.8,1.8400384,-0.9,57.39,96.502
353140205,SZCZECIN,1,15.5,6.2,-4.8,1.8,4.0,-7.9,55.6,13.7,28.4,19,4.0,1013.1,83.8,2.946135,-2.2759354,71.03539,96.2672
353140205,SZCZECIN,2,10.8,6.3,-8.1,-0.7,2.6,-8.9,49.7,9.8,91.3,10,3.7,1022.2,80.8,2.946135,-2.2759354,71.03539,96.2672
353140205,SZCZECIN,3,16.2,9.3,-4.8,1.6,5.1,-7.8,52.1,7.5,117.8,12,3.6,1007.6,76.6,2.946135,-2.2759354,71.03539,96.2672
353140205,SZCZECIN,4,21.1,12.5,-5.1,3.8,8.0,-7.7,23.5,4.7,178.0,14,3.4,1016.6,71.9,2.946135,-2.2759354,71.03539,96.2672
353140205,SZCZECIN,5,27.0,19.2,-1.3,6.3,13.2,-2.9,7.1,2.3,324.4,4,3.3,1020.8,62.1,2.946135,-2.2759354,71.03539,96.2672
353140205,SZCZECIN,6,30.2,23.9,0.9,11.5,18.1,-2.2,63.4,17.4,281.3,10,2.3,1016.6,66.6,2.946135,-2.2759354,71.03539,96.2672
353140205,SZCZECIN,7,32.8,24.3,9.0,13.3,18.8,6.8,68.5,33.4,251.4,14,2.9,1010.6,68.4,2.946135,-2.2759354,71.03539,96.2672
353140205,SZCZECIN,8,30.4,23.4,9.4,14.4,18.5,6.8,87.9,29.1,199.1,18,2.7,1011.7,79.1,2.946135,-2.2759354,71.03539,96.2672
353140205,SZCZECIN,9,29.5,24.3,6.6,11.9,17.7,3.1,13.4,6.1,272.6,5,2.6,1017.1,78.1,2.946135,-2.2759354,71.03539,96.2672
353140205,SZCZECIN,10,23.9,14.9,2.3,7.6,11.0,-1.3,56.4,18.2,83.9,19,3.1,1009.0,0.0,2.946135,-2.2759354,71.03539,96.2672
353140205,SZCZECIN,11,13.5,8.2,-6.4,2.5,5.4,-10.3,58.0,10.6,59.7,17,3.5,1003.3,84.7,2.946135,-2.2759354,71.03539,96.2672
353140205,SZCZECIN,12,12.1,5.3,-10.1,1.2,3.3,-13.4,73.7,11.4,25.3,17,4.2,1008.9,86.5,2.946135,-2.2759354,71.03539,96.2672
353150210,RESKO-SMOLSKO,1,15.5,5.5,-4.2,1.4,3.4,-5.0,64.0,13.1,0.0,16,4.0,1007.2,86.8,,,,
353150210,RESKO-SMOLSKO,3,13.6,0.0,5.2,0.0,0.0,4.5,12.9,8.1,2.1,2,0.0,0.0,0.0,,,,
353150210,RESKO-SMOLSKO,4,20.5,12.2,-5.2,3.0,7.2,-5.6,18.3,6.4,0.0,14,3.2,1011.0,73.8,,,,
353150210,RESKO-SMOLSKO,5,26.1,18.5,-1.6,4.6,12.1,-3.1,6.1,2.4,0.0,5,0.0,1015.5,63.7,,,,
353150210,RESKO-SMOLSKO,6,31.4,23.6,-1.3,9.4,17.0,-3.3,43.3,14.6,0.0,10,2.5,1011.2,67.4,,,,
353150210,RESKO-SMOLSKO,7,32.9,24.0,6.9,12.2,18.0,5.8,53.4,22.3,250.4,21,0.0,1005.1,70.8,,,,
353150210,RESKO-SMOLSKO,8,30.8,23.0,8.8,13.6,17.8,8.1,160.1,58.9,0.0,22,0.0,1006.1,0.0,,,,
353150210,RESKO-SMOLSKO,9,29.1,23.7,4.7,11.8,17.5,2.4,7.9,4.9,257.5,7,2.3,1011.8,77.3,,,,
353150210,RESKO-SMOLSKO,10,23.2,14.1,0.6,7.3,10.5,-1.5,90.6,31.1,0.0,20,3.6,1003.3,0.0,,,,
353150210,RESKO-SMOLSKO,11,13.5,6.9,-11.1,1.3,4.2,-13.1,71.8,15.9,0.0,21,3.3,997.5,0.0,,,,
353150210,RESKO-SMOLSKO,12,0.0,0.0,0.0,0.0,0.0,0.0,69.7,14.2,12.8,22,0.0,0.0,0.0,,,,
353160230,PILA,1,16.1,5.2,-2.8,1.3,3.1,-5.8,56.3,19.8,18.5,17,2.3,1005.5,88.9,63.729527,52.24,84.85,96.67
353160230,PILA,2,10.5,5.4,-7.5,-1.0,1.8,-10.5,33.0,12.4,73.9,6,2.5,1013.2,81.6,63.729527,52.24,84.85,96.67
353160230,PILA,3,16.4,8.5,-8.1,0.6,4.0,-11.9,58.4,11.5,107.7,11,2.3,999.7,79.9,63.729527,52.24,84.85,96.67
353160230,PILA,4,22.6,13.1,-5.3,3.2,7.9,-8.4,31.8,5.4,167.8,13,2.3,1008.0,72.3,63.729527,52.24,84.85,96.67
353160230,PILA,5,26.0,19.3,-2.1,6.3,13.1,-4.1,13.0,6.2,318.5,4,2.4,1012.8,57.9,63.729527,52.24,84.85,96.67
353160230,PILA,6,31.6,25.1,0.9,11.7,18.5,-1.8,57.3,15.3,295.6,15,2.1,1008.3,59.3,63.729527,52.24,84.85,96.67
353160230,PILA,7,33.5,25.3,7.8,12.5,18.9,4.5,67.5,23.6,258.0,15,2.1,1003.1,64.2,63.729527,52.24,84.85,96.67
353160230,PILA,8,33.2,23.9,8.4,14.2,18.8,6.1,114.5,27.9,195.7,16,1.9,1004.0,76.0,63.729527,52.24,84.85,96.67
353160230,PILA,9,29.3,24.4,5.3,11.1,17.5,2.5,6.3,2.3,281.0,4,1.6,1009.9,75.3,63.729527,52.24,84.85,96.67
353160230,PILA,10,25.0,14.4,-1.0,6.6,10.1,-4.0,76.1,17.1,72.8,21,2.2,1001.5,85.5,63.729527,52.24,84.85,96.67
353160230,PILA,11,13.3,7.1,-8.8,1.0,3.9,-16.0,81.6,19.3,48.1,17,2.0,995.8,89.4,63.729527,52.24,84.85,96.67
353160230,PILA,12,10.5,4.4,-14.1,0.0,2.3,-18.1,78.5,13.6,25.6,12,2.7,1001.0,89.5,63.729527,52.24,84.85,96.67
353170235,CHOJNICE,1,14.9,4.1,-3.0,0.9,2.3,-3.8,47.7,13.2,16.3,13,4.2,992.8,90.3,159.157,120.29,201.33,92.7516
353170235,CHOJNICE,2,9.3,4.3,-10.4,-1.6,1.0,-13.3,35.3,11.0,77.4,5,3.9,999.9,85.2,159.157,120.29,201.33,92.7516
353170235,CHOJNICE,3,16.1,7.4,-6.9,0.4,3.4,-8.9,41.9,6.4,117.1,9,3.8,987.0,79.0,159.157,120.29,201.33,92.7516
353170235,CHOJNICE,4,21.9,12.2,-5.5,3.0,7.3,-6.7,18.8,7.4,170.2,12,3.2,996.2,72.9,159.157,120.29,201.33,92.7516
353170235,CHOJNICE,5,24.8,18.4,-0.7,5.7,12.4,-2.7,11.9,8.6,322.0,4,3.0,0.0,59.5,159.157,120.29,201.33,92.7516
353170235,CHOJNICE,6,29.9,23.9,1.3,11.5,17.7,-1.0,50.5,20.2,315.1,13,2.7,996.7,63.3,159.157,120.29,201.33,92.7516
353170235,CHOJNICE,7,31.4,23.6,8.3,12.4,17.9,6.7,92.1,26.1,254.8,16,3.0,991.3,68.5,159.157,120.29,201.33,92.7516
353170235,CHOJNICE,8,31.8,23.2,9.2,14.1,18.3,8.8,85.4,22.6,187.9,16,3.0,992.2,77.1,159.157,120.29,201.33,92.7516
353170235,CHOJNICE,9,28.5,23.5,5.7,12.0,17.4,4.1,10.2,3.5,263.1,4,2.6,998.3,75.4,159.157,120.29,201.33,92.7516
353170235,CHOJNICE,10,24.7,13.3,1.0,6.4,9.5,0.5,56.1,12.1,78.5,20,3.8,989.2,84.2,159.157,120.29,201.33,92.7516
353170235,CHOJNICE,11,13.3,5.7,-9.5,0.9,3.1,-10.7,94.6,35.7,45.8,12,3.5,983.4,89.4,159.157,120.29,201.33,92.7516
353170235,CHOJNICE,12,8.5,3.1,-9.9,-0.7,1.3,-13.0,65.4,12.9,25.5,12,4.2,988.0,90.7,159.157,120.29,201.33,92.7516
353180250,TORUN,1,16.2,4.9,-3.6,1.4,3.1,-6.7,42.3,7.2,26.6,14,2.8,1006.0,88.3,,,,
353180250,TORUN,2,10.0,4.7,-8.6,-1.6,1.3,-19.6,37.1,13.0,75.3,7,2.9,1012.8,84.1,,,,
353180250,TORUN,3,17.2,8.7,-9.3,0.2,4.2,-14.7,45.4,16.1,99.2,10,2.7,1000.0,78.1,,,,
353180250,TORUN,4,23.8,13.4,-6.4,3.7,8.3,-8.9,31.6,6.3,162.5,10,2.8,1008.0,72.6,,,,
353180250,TORUN,5,24.8,19.7,-2.0,6.4,13.5,-4.7,24.1,14.5,305.9,4,2.6,1013.1,57.2,,,,
353180250,TORUN,6,31.8,25.4,1.8,11.9,18.9,-2.6,33.3,11.8,286.4,11,2.2,1008.2,58.8,,,,
353180250,TORUN,7,33.5,26.4,8.7,13.2,19.8,5.1,39.1,12.3,252.4,19,2.3,1003.4,61.6,,,,
353180250,TORUN,8,35.2,25.8,7.6,15.1,20.1,5.0,94.4,45.1,194.7,13,2.3,1004.2,69.8,,,,
353180250,TORUN,9,29.7,25.1,5.9,12.1,18.3,2.4,12.3,7.0,260.8,5,2.0,1010.4,70.8,,,,
353180250,TORUN,10,27.9,15.0,-1.5,6.7,10.5,-4.9,60.8,16.3,83.0,19,2.6,1001.9,81.0,,,,
353180250,TORUN,11,15.7,6.8,-6.7,1.3,3.8,-11.5,116.9,44.4,54.7,13,2.6,996.3,86.8,,,,
353180250,TORUN,12,10.4,4.2,-10.7,-0.1,2.1,-15.9,60.4,14.1,25.5,11,3.2,1001.2,88.0,,,,
353200270,MLAWA,1,14.7,4.1,-4.6,0.9,2.4,-4.5,54.5,12.3,14.0,8,3.6,996.9,90.7,143.54662,126.9,171.27,98.0408
353200270,MLAWA,2,9.4,3.8,-9.0,-1.8,0.8,-13.8,36.2,13.4,60.9,3,3.8,1002.6,83.4,143.54662,126.9,171.27,98.0408
353200270,MLAWA,3,17.0,7.9,-7.1,0.0,3.5,-12.4,41.3,9.7,80.5,9,3.4,990.8,78.7,143.54662,126.9,171.27,98.0408
353200270,MLAWA,4,22.0,13.1,-3.6,4.1,8.3,-5.1,44.8,11.7,139.1,10,0.0,998.5,72.4,143.54662,126.9,171.27,98.0408
353200270,MLAWA,5,25.3,19.1,-1.1,7.3,13.5,-2.2,17.2,14.2,276.0,2,2.6,1004.1,55.0,143.54662,126.9,171.27,98.0408
353200270,MLAWA,6,29.9,24.6,3.0,11.9,18.4,2.1,19.6,8.3,265.2,10,2.3,999.2,59.9,143.54662,126.9,171.27,98.0408
353200270,MLAWA,7,32.9,25.8,8.5,13.1,19.5,7.4,67.7,19.9,215.6,15,2.4,994.5,63.5,143.54662,126.9,171.27,98.0408
353200270,MLAWA,8,33.8,25.8,8.8,15.5,20.2,7.6,79.4,37.7,168.8,16,2.6,995.5,71.2,143.54662,126.9,171.27,98.0408
353200270,MLAWA,9,29.7,24.3,7.1,12.0,17.8,5.7,11.7,8.6,249.5,3,2.0,1001.9,72.9,143.54662,126.9,171.27,98.0408
353200270,MLAWA,10,25.6,13.8,-1.5,5.9,9.5,-3.2,79.9,11.8,64.0,17,3.2,992.8,85.7,143.54662,126.9,171.27,98.0408
353200270,MLAWA,11,14.3,5.6,-8.1,0.8,3.0,-9.2,73.7,18.8,35.9,11,0.0,987.3,89.4,143.54662,126.9,171.27,98.0408
353200270,MLAWA,12,9.5,3.1,-9.0,-0.6,1.3,-11.1,64.0,13.9,15.0,12,4.1,991.8,91.7,143.54662,126.9,171.27,98.0408
353200272,OLSZTYN,1,15.7,3.8,-4.7,0.7,2.2,-5.6,45.8,6.7,0.0,9,3.1,997.7,88.1,118.38107,100.18,144.34,84.7904
353200272,OLSZTYN,2,8.6,3.6,-8.5,-1.2,1.0,-11.1,45.2,12.6,0.0,3,3.2,1003.3,80.8,118.38107,100.18,144.34,84.7904
353200272,OLSZTYN,3,16.0,7.3,-6.0,-0.4,3.2,-10.9,39.9,6.2,0.0,8,3.0,991.5,76.1,118.38107,100.18,144.34,84.7904
353200272,OLSZTYN,4,22.2,12.9,-3.8,3.1,7.8,-5.8,39.9,11.4,0.0,10,2.6,1000.3,71.8,118.38107,100.18,144.34,84.7904
353200272,OLSZTYN,5,25.3,19.1,-1.7,5.9,13.1,-4.4,12.5,10.7,0.0,3,2.6,1005.8,54.8,118.38107,100.18,144.34,84.7904
353200272,OLSZTYN,6,30.6,23.8,2.0,11.3,17.9,-0.6,42.3,9.5,0.0,13,2.4,1000.8,62.1,118.38107,100.18,144.34,84.7904
353200272,OLSZTYN,7,32.9,24.7,9.5,12.9,18.7,7.0,30.2,7.7,0.0,17,2.4,995.7,67.0,118.38107,100.18,144.34,84.7904
353200272,OLSZTYN,8,34.3,25.2,9.0,15.6,19.8,7.1,127.3,63.9,0.0,14,2.4,996.7,73.0,118.38107,100.18,144.34,84.7904
353200272,OLSZTYN,9,29.2,23.9,6.0,12.0,17.6,3.5,24.7,10.9,0.0,7,2.1,1003.1,74.8,118.38107,100.18,144.34,84.7904
353200272,OLSZTYN,10,23.9,13.4,0.5,6.3,9.4,-3.4,54.8,12.0,0.0,19,3.1,993.6,84.1,118.38107,100.18,144.34,84.7904
353200272,OLSZTYN,11,14.3,5.6,-8.5,0.8,3.1,-17.5,77.8,19.2,0.0,11,2.9,988.2,87.0,118.38107,100.18,144.34,84.7904
353200272,OLSZTYN,12,8.8,3.0,-8.5,-0.6,1.2,-16.6,52.7,10.7,0.0,12,3.3,992.2,91.0,118.38107,100.18,144.34,84.7904
353210280,MIKOLAJKI,1,15.4,3.4,-6.0,0.2,1.7,-5.1,52.8,9.6,19.9,9,3.9,999.1,91.1,122.43421,0.0,149.08,93.9136
353210280,MIKOLAJKI,2,7.7,3.3,-7.6,-1.5,0.7,-10.9,51.6,21.2,69.5,6,4.0,1003.9,83.0,122.43421,0.0,149.08,93.9136
353210280,MIKOLAJKI,3,16.2,7.2,-5.9,-0.3,3.0,-10.8,39.0,7.8,135.5,8,3.9,992.5,78.4,122.43421,0.0,149.08,93.9136
353210280,MIKOLAJKI,4,22.1,13.0,-3.8,3.7,7.9,-5.2,38.5,13.1,188.7,7,3.4,1001.3,74.3,122.43421,0.0,149.08,93.9136
353210280,MIKOLAJKI,5,24.9,18.6,0.2,7.2,13.0,-2.2,9.2,4.1,318.7,5,2.7,1007.1,59.3,122.43421,0.0,149.08,93.9136
353210280,MIKOLAJKI,6,30.4,23.9,4.4,12.5,18.0,3.3,51.1,30.2,301.8,7,2.5,1001.7,65.1,122.43421,0.0,149.08,93.9136
353210280,MIKOLAJKI,7,33.7,24.5,10.3,14.1,18.9,8.9,50.7,9.4,275.5,18,2.5,996.7,70.5,122.43421,0.0,149.08,93.9136
353210280,MIKOLAJKI,8,33.1,25.8,10.4,16.2,20.3,8.7,129.9,34.7,227.2,12,2.8,997.8,75.8,122.43421,0.0,149.08,93.9136
353210280,MIKOLAJKI,9,28.6,23.7,7.9,13.1,18.0,6.4,10.8,6.2,282.4,5,2.4,1004.3,75.6,122.43421,0.0,149.08,93.9136
353210280,MIKOLAJKI,10,23.8,12.9,1.6,6.6,9.3,0.2,104.7,32.0,86.6,17,3.4,994.6,85.2,122.43421,0.0,149.08,93.9136
353210280,MIKOLAJKI,11,13.6,5.6,-8.3,0.5,2.7,-12.6,75.0,17.5,60.5,11,3.6,989.5,87.2,122.43421,0.0,149.08,93.9136
353210280,MIKOLAJKI,12,8.3,2.7,-6.2,-0.6,1.0,-9.9,61.5,9.5,21.3,14,4.2,993.2,90.8,122.43421,0.0,149.08,93.9136
353230295,BIALYSTOK,1,15.9,3.8,-5.8,0.5,1.9,-6.2,68.5,10.3,0.0,11,2.6,997.0,89.1,147.6122,127.86,166.89,98.9028
353230295,BIALYSTOK,2,7.9,3.0,-8.7,-1.8,0.4,-10.1,43.9,16.6,0.0,4,2.5,1001.0,81.9,147.6122,127.86,166.89,98.9028
353230295,BIALYSTOK,3,18.0,8.0,-6.6,-0.7,3.5,-9.8,50.1,11.2,132.4,10,2.6,990.4,75.8,147.6122,127.86,166.89,98.9028
353230295,BIALYSTOK,4,21.7,13.3,-3.8,3.2,8.3,-6.1,32.2,14.1,0.0,9,2.2,997.9,71.9,147.6122,127.86,166.89,98.9028
353230295,BIALYSTOK,5,25.2,18.7,-2.1,5.3,12.3,-5.2,37.8,22.9,310.5,6,1.9,1004.0,62.3,147.6122,127.86,166.89,98.9028
353230295,BIALYSTOK,6,28.6,23.5,2.3,10.7,17.2,-0.2,65.6,29.2,271.8,11,1.7,998.5,69.1,147.6122,127.86,166.89,98.9028
353230295,BIALYSTOK,7,33.8,24.8,8.4,12.6,18.7,5.9,45.1,16.0,0.0,14,1.7,994.1,71.4,147.6122,127.86,166.89,98.9028
353230295,BIALYSTOK,8,33.0,26.5,8.8,14.5,20.1,6.4,42.9,13.5,0.0,12,1.6,995.6,74.0,147.6122,127.86,166.89,98.9028
353230295,BIALYSTOK,9,29.1,24.1,6.3,10.7,16.8,2.3,18.5,8.9,0.0,6,0.0,0.0,76.5,147.6122,127.86,166.89,98.9028
353230295,BIALYSTOK,10,23.4,13.1,0.3,6.1,9.3,-4.3,90.6,35.0,0.0,18,2.4,992.3,85.0,147.6122,127.86,166.89,98.9028
353230295,BIALYSTOK,11,13.2,5.1,-13.7,-0.8,2.2,-17.9,54.4,12.7,35.2,11,2.3,987.3,86.4,147.6122,127.86,166.89,98.9028
353230295,BIALYSTOK,12,8.8,2.4,-7.1,-1.0,0.8,-12.9,70.1,10.3,0.0,11,0.0,0.0,89.9,147.6122,127.86,166.89,98.9028
354150100,KOLOBRZEG-DZWIRZYNO,1,15.3,5.8,-3.1,2.0,3.9,-4.1,54.6,11.3,28.9,18,4.9,1012.5,85.2,0.3906604,-1.25,15.85,98.8656
354150100,KOLOBRZEG-DZWIRZYNO,2,10.4,5.2,-4.1,0.8,2.8,-2.8,43.5,12.4,86.3,9,5.9,1021.1,83.6,0.3906604,-1.25,15.85,98.8656
354150100,KOLOBRZEG-DZWIRZYNO,3,14.5,7.6,-4.0,1.9,4.6,-2.6,46.2,6.5,119.6,13,5.4,1007.0,79.3,0.3906604,-1.25,15.85,98.8656
354150100,KOLOBRZEG-DZWIRZYNO,4,20.3,9.0,-2.4,4.3,6.4,-3.3,16.8,12.0,195.1,10,5.8,1017.2,80.5,0.3906604,-1.25,15.85,98.8656
354150100,KOLOBRZEG-DZWIRZYNO,5,23.2,15.4,1.3,7.7,11.4,2.5,11.8,6.0,354.3,5,4.8,1021.4,72.1,0.3906604,-1.25,15.85,98.8656
354150100,KOLOBRZEG-DZWIRZYNO,6,25.0,19.0,3.8,12.3,15.7,4.5,30.5,9.5,343.8,9,4.5,1017.1,78.3,0.3906604,-1.25,15.85,98.8656
354150100,KOLOBRZEG-DZWIRZYNO,7,32.5,22.2,10.1,14.2,18.0,9.4,117.7,30.0,275.7,19,4.3,1010.5,73.6,0.3906604,-1.25,15.85,98.8656
354150100,KOLOBRZEG-DZWIRZYNO,8,29.8,21.3,10.6,15.0,17.7,10.8,185.5,76.7,179.6,20,4.2,1011.5,82.5,0.3906604,-1.25,15.85,98.8656
354150100,KOLOBRZEG-DZWIRZYNO,9,28.3,22.4,7.4,13.8,17.7,7.8,20.9,8.4,254.0,7,0.0,0.0,78.6,0.3906604,-1.25,15.85,98.8656
354150100,KOLOBRZEG-DZWIRZYNO,10,22.8,14.3,3.9,8.9,11.3,3.7,97.6,33.2,76.8,20,5.2,1008.5,80.3,0.3906604,-1.25,15.85,98.8656
354150100,KOLOBRZEG-DZWIRZYNO,11,14.3,7.6,-5.7,3.1,5.2,-8.5,91.7,18.4,38.6,12,4.8,1002.9,82.6,0.3906604,-1.25,15.85,98.8656
354150100,KOLOBRZEG-DZWIRZYNO,12,11.3,5.2,-5.8,1.5,3.3,0.0,67.8,11.8,19.4,14,5.6,1008.0,85.0,0.3906604,-1.25,15.85,98.8656
354160105,KOSZALIN,1,15.3,5.6,-2.9,2.1,3.7,-5.0,58.4,13.1,24.2,15,3.7,1009.1,85.3,29.049988,0.0,52.77,96.1316
354160105,KOSZALIN,2,10.3,5.4,-4.7,0.5,2.6,-6.6,47.8,11.8,84.5,8,4.2,1017.3,81.8,29.049988,0.0,52.77,96.1316
354160105,KOSZALIN,3,15.8,7.9,-5.6,1.6,4.5,-7.6,39.1,5.3,102.5,11,3.7,1003.6,0.0,29.049988,0.0,52.77,96.1316
354160105,KOSZALIN,4,22.3,11.8,-4.4,3.7,7.3,-6.8,15.7,8.8,192.8,8,3.0,1013.6,72.7,29.049988,0.0,52.77,96.1316
354160105,KOSZALIN,5,26.6,17.8,0.4,7.0,12.7,-3.2,9.4,5.3,342.1,5,3.0,1018.0,60.8,29.049988,0.0,52.77,96.1316
354160105,KOSZALIN,6,30.5,21.5,2.8,12.1,17.0,-1.1,56.4,23.3,326.2,9,2.7,1013.6,68.0,29.049988,0.0,52.77,96.1316
354160105,KOSZALIN,7,32.4,22.4,10.2,13.7,17.7,7.8,100.6,28.7,260.5,22,2.8,1007.2,72.6,29.049988,0.0,52.77,96.1316
354160105,KOSZALIN,8,30.3,21.8,10.3,14.6,17.7,7.6,175.5,47.4,178.6,22,2.6,1008.2,82.7,29.049988,0.0,52.77,96.1316
354160105,KOSZALIN,9,28.3,23.1,8.2,13.7,17.8,5.6,16.6,8.2,253.4,8,2.4,1014.0,77.7,29.049988,0.0,52.77,96.1316
354160105,KOSZALIN,10,23.2,14.1,3.0,8.1,10.7,0.1,74.6,21.4,73.8,21,3.3,1005.3,83.4,29.049988,0.0,52.77,96.1316
354160105,KOSZALIN,11,13.9,6.9,-6.3,2.4,4.6,-8.5,68.3,10.5,36.7,14,3.1,999.6,85.8,29.049988,0.0,52.77,96.1316
354160105,KOSZALIN,12,11.0,4.7,-5.3,1.1,2.9,-7.1,63.5,13.9,24.3,12,4.1,1004.4,87.9,29.049988,0.0,52.77,96.1316
354160115,USTKA,1,15.6,5.8,-2.7,2.2,3.9,-4.4,52.2,9.4,20.1,18,5.7,1011.4,85.5,3.9336705,-1.17,30.98,96.7544
354160115,USTKA,2,9.5,4.9,-3.5,0.9,2.8,-3.9,43.7,10.7,70.4,7,6.2,1019.3,84.1,3.9336705,-1.17,30.98,96.7544
354160115,USTKA,3,13.7,7.2,-6.3,1.8,4.4,-6.8,37.5,7.2,116.0,11,5.8,1005.8,78.0,3.9336705,-1.17,30.98,96.7544
354160115,USTKA,4,23.2,9.0,-1.6,4.2,6.3,-2.7,20.5,15.0,228.2,8,5.9,1016.5,81.0,3.9336705,-1.17,30.98,96.7544
354160115,USTKA,5,23.1,15.7,1.9,7.5,11.3,-0.3,8.7,7.8,379.0,3,4.5,1020.9,70.7,3.9336705,-1.17,30.98,96.7544
354160115,USTKA,6,28.5,18.5,3.8,12.2,15.4,3.5,38.0,16.7,369.0,7,4.1,1016.3,81.5,3.9336705,-1.17,30.98,96.7544
354160115,USTKA,7,31.7,21.5,10.8,14.3,17.9,10.5,102.4,20.9,301.0,20,4.1,1009.6,75.9,3.9336705,-1.17,30.98,96.7544
354160115,USTKA,8,28.7,21.0,11.4,15.1,17.8,10.9,161.3,21.1,182.6,21,4.3,1010.5,84.6,3.9336705,-1.17,30.98,96.7544
354160115,USTKA,9,28.1,22.2,8.1,14.3,17.8,7.5,34.9,17.3,247.5,6,3.9,1016.5,78.7,3.9336705,-1.17,30.98,96.7544
354160115,USTKA,10,23.8,14.0,4.4,9.0,11.2,3.9,87.0,16.4,77.9,19,5.9,1007.5,80.0,3.9336705,-1.17,30.98,96.7544
354160115,USTKA,11,14.3,7.2,-4.9,3.2,5.1,-5.2,94.7,19.5,22.3,15,5.2,1002.1,83.8,3.9336705,-1.17,30.98,96.7544
354160115,USTKA,12,10.3,5.0,-5.9,1.5,3.1,-6.1,68.4,14.0,15.5,15,0.0,1006.6,85.3,3.9336705,-1.17,30.98,96.7544
354170120,LEBA,1,13.0,5.3,-4.9,1.2,3.4,-7.9,75.2,17.3,27.1,18,6.2,1012.4,87.3,0.8429629,-0.45,16.86,97.9496
354170120,LEBA,2,8.0,4.5,-5.9,0.0,2.2,-8.9,35.6,8.3,89.0,8,6.2,1019.8,84.8,0.8429629,-0.45,16.86,97.9496
354170120,LEBA,3,13.7,7.4,-7.0,0.7,3.9,-11.2,26.2,5.1,136.4,11,5.6,1006.6,78.2,0.8429629,-0.45,16.86,97.9496
354170120,LEBA,4,24.4,10.2,-3.4,3.6,6.4,-7.0,21.6,10.1,235.3,9,4.7,1017.6,78.1,0.8429629,-0.45,16.86,97.9496
354170120,LEBA,5,23.7,16.2,-0.6,5.6,11.3,-4.6,9.4,9.0,366.8,3,4.7,1022.0,69.0,0.8429629,-0.45,16.86,97.9496
354170120,LEBA,6,30.3,20.3,0.7,11.2,15.8,-2.6,14.6,4.7,344.5,8,4.0,1017.2,77.8,0.8429629,-0.45,16.86,97.9496
354170120,LEBA,7,30.5,22.0,9.6,12.6,17.5,6.7,80.0,12.4,301.1,21,4.8,1010.5,77.0,0.8429629,-0.45,16.86,97.9496
354170120,LEBA,8,29.2,21.8,10.0,14.2,17.8,7.3,109.5,15.6,193.6,18,4.4,1011.5,86.6,0.8429629,-0.45,16.86,97.9496
354170120,LEBA,9,28.6,22.7,6.5,13.1,17.4,1.8,27.4,10.4,260.1,7,3.7,1017.7,83.2,0.8429629,-0.45,16.86,97.9496
354170120,LEBA,10,24.3,13.6,2.7,7.7,10.6,0.3,76.2,11.7,95.1,21,6.0,1008.3,83.5,0.8429629,-0.45,16.86,97.9496
354170120,LEBA,11,14.6,6.9,-6.7,2.2,4.6,-8.6,124.9,30.4,36.3,16,4.9,1003.1,86.3,0.8429629,-0.45,16.86,97.9496
354170120,LEBA,12,8.7,4.4,-6.1,0.7,2.6,-10.3,85.0,17.5,16.3,14,6.4,1007.3,88.4,0.8429629,-0.45,16.86,97.9496
354170125,LEBORK,1,15.7,5.6,-4.7,1.5,3.5,-7.8,81.0,14.4,0.0,22,0.0,0.0,85.0,28.721004,12.11,114.0,90.2908
354170125,LEBORK,2,9.8,4.8,-8.4,-0.4,2.0,-12.2,59.9,11.7,0.0,18,0.0,0.0,83.6,28.721004,12.11,114.0,90.2908
354170125,LEBORK,3,18.3,8.1,-10.4,0.5,4.0,-12.0,52.6,8.9,102.4,22,3.6,1002.3,76.8,28.721004,12.11,114.0,90.2908
354170125,LEBORK,4,23.8,12.7,-4.8,3.3,7.4,-7.5,31.7,10.0,213.0,14,3.1,1012.8,71.7,28.721004,12.11,114.0,90.2908
354170125,LEBORK,5,25.4,18.6,-1.5,5.6,12.5,-5.5,10.2,8.5,358.2,5,3.1,1017.4,59.9,28.721004,12.11,114.0,90.2908
354170125,LEBORK,6,31.0,23.8,0.1,10.8,17.3,-4.5,34.7,11.8,324.1,10,2.7,1012.7,66.4,28.721004,12.11,114.0,90.2908
354170125,LEBORK,7,30.3,23.1,9.2,12.6,17.7,5.9,82.0,16.2,257.8,21,2.7,1006.4,72.2,28.721004,12.11,114.0,90.2908
354170125,LEBORK,8,31.6,23.4,10.1,14.5,18.3,6.3,64.4,20.4,178.1,16,2.5,1007.3,80.5,28.721004,12.11,114.0,90.2908
354170125,LEBORK,9,29.2,23.8,4.7,12.6,17.8,2.2,16.6,6.9,252.9,19,0.0,1013.5,77.3,28.721004,12.11,114.0,90.2908
354170125,LEBORK,10,24.8,13.9,1.0,7.0,10.2,-2.3,139.7,25.2,87.2,25,3.5,1004.3,84.1,28.721004,12.11,114.0,90.2908
354170125,LEBORK,11,15.0,6.6,-10.1,1.7,4.1,-6.8,155.9,42.5,45.5,28,2.9,998.9,87.9,28.721004,12.11,114.0,90.2908
354170125,LEBORK,12,0.0,0.0,0.0,0.0,0.0,0.0,85.7,11.4,0.0,25,0.0,0.0,0.0,28.721004,12.11,114.0,90.2908
354180135,HEL,1,12.6,5.1,-2.4,2.1,3.6,-4.1,31.5,6.3,30.3,15,4.4,1013.1,87.6,0.7403825,-0.37,15.77,96.9036
354180135,HEL,2,7.9,4.4,-3.7,0.8,2.6,-7.4,42.1,10.5,77.3,5,4.9,1019.6,83.9,0.7403825,-0.37,15.77,96.9036
354180135,HEL,3,12.9,6.7,-4.7,1.3,3.6,-8.4,32.7,6.7,127.0,12,4.4,1007.0,81.6,0.7403825,-0.37,15.77,96.9036
354180135,HEL,4,20.4,10.4,-2.8,4.2,6.8,-5.5,15.5,6.6,206.0,9,3.8,1017.5,79.6,0.7403825,-0.37,15.77,96.9036
354180135,HEL,5,22.9,16.8,1.4,7.5,11.8,-1.4,15.9,15.2,349.8,2,3.5,1022.4,70.8,0.7403825,-0.37,15.77,96.9036
354180135,HEL,6,28.4,21.3,4.4,12.9,16.8,1.0,51.3,22.0,332.4,7,3.3,1017.2,75.6,0.7403825,-0.37,15.77,96.9036
354180135,HEL,7,26.1,21.9,13.2,15.0,18.0,10.2,74.8,10.2,250.5,23,3.4,1010.9,78.7,0.7403825,-0.37,15.77,96.9036
354180135,HEL,8,29.4,22.1,11.8,15.9,18.6,10.7,121.4,23.2,0.0,17,0.0,1011.9,85.2,0.7403825,-0.37,15.77,96.9036
354180135,HEL,9,24.7,21.1,9.0,14.8,17.6,6.6,21.9,9.9,266.8,7,3.3,1018.2,85.7,0.7403825,-0.37,15.77,96.9036
354180135,HEL,10,22.1,13.5,4.8,9.0,11.1,2.7,87.3,16.1,92.6,21,5.1,1008.7,83.4,0.7403825,-0.37,15.77,96.9036
354180135,HEL,11,12.5,7.0,-3.0,3.7,5.3,-6.3,113.6,41.3,57.6,15,4.6,1003.5,85.7,0.7403825,-0.37,15.77,96.9036
354180135,HEL,12,9.4,4.5,-3.2,1.6,3.1,-4.8,53.9,13.3,29.3,13,5.4,1007.5,88.9,0.7403825,-0.37,15.77,96.9036
354180155,GDANSK-SWIBNO,1,15.2,4.9,-2.8,1.3,3.0,-3.8,21.4,6.2,0.0,10,4.5,1012.6,86.0,2.0378463,-1.02,34.48,94.8868
354180155,GDANSK-SWIBNO,2,9.3,4.6,-6.4,-0.4,2.0,-8.1,14.7,4.6,76.6,5,4.6,1019.0,80.5,2.0378463,-1.02,34.48,94.8868
354180155,GDANSK-SWIBNO,3,16.3,8.1,-5.5,0.4,3.7,-7.1,18.1,3.3,139.1,12,4.1,1006.4,77.2,2.0378463,-1.02,34.48,94.8868
354180155,GDANSK-SWIBNO,4,22.6,10.7,-2.2,4.2,7.2,-4.5,16.2,9.3,194.3,9,4.3,1016.4,76.1,2.0378463,-1.02,34.48,94.8868
354180155,GDANSK-SWIBNO,5,25.3,17.2,0.4,7.2,12.4,-2.1,12.8,11.7,345.3,2,3.6,1021.3,65.6,2.0378463,-1.02,34.48,94.8868
354180155,GDANSK-SWIBNO,6,30.2,21.8,6.1,13.0,17.4,2.7,40.0,20.6,335.1,8,0.0,1016.2,71.2,2.0378463,-1.02,34.48,94.8868
354180155,GDANSK-SWIBNO,7,29.5,23.5,9.6,13.2,17.9,7.9,82.1,22.0,256.3,21,0.0,1010.3,74.1,2.0378463,-1.02,34.48,94.8868
354180155,GDANSK-SWIBNO,8,34.4,23.6,10.0,15.7,19.1,8.3,71.8,19.5,199.4,17,3.3,1011.1,79.2,2.0378463,-1.02,34.48,94.8868
354180155,GDANSK-SWIBNO,9,29.6,23.5,7.3,13.0,17.9,5.5,13.5,5.8,261.3,7,3.1,1017.4,77.7,2.0378463,-1.02,34.48,94.8868
354180155,GDANSK-SWIBNO,10,25.8,14.2,2.3,7.2,10.3,-0.1,68.2,13.0,96.8,18,4.3,1008.2,81.6,2.0378463,-1.02,34.48,94.8868
354180155,GDANSK-SWIBNO,11,0.0,0.0,0.0,0.0,0.0,0.0,87.6,44.7,0.0,13,0.0,0.0,0.0,2.0378463,-1.02,34.48,94.8868
354180155,GDANSK-SWIBNO,12,9.9,3.9,-7.8,-0.4,1.9,-10.7,22.2,4.9,27.0,14,4.7,1007.1,87.7,2.0378463,-1.02,34.48,94.8868
354190160,ELBLAG-MILEJEWO,1,13.3,3.2,-5.2,0.2,1.6,-4.7,55.9,13.0,15.8,12,4.9,991.1,91.4,170.43456,128.23,196.53,92.2968
354190160,ELBLAG-MILEJEWO,2,7.5,2.6,-5.7,-1.2,0.5,-9.2,59.8,14.0,77.7,6,4.5,997.1,86.1,170.43456,128.23,196.53,92.2968
354190160,ELBLAG-MILEJEWO,3,14.9,6.2,-5.4,0.2,2.8,-9.6,59.7,11.9,135.4,9,4.2,985.0,79.7,170.43456,128.23,196.53,92.2968
354190160,ELBLAG-MILEJEWO,4,21.3,11.2,-1.7,3.8,7.0,-4.3,29.0,4.2,203.0,13,3.6,994.7,75.5,170.43456,128.23,196.53,92.2968
354190160,ELBLAG-MILEJEWO,5,23.6,17.1,0.9,7.9,12.4,-1.0,7.1,5.0,352.2,4,3.1,1000.1,58.3,170.43456,128.23,196.53,92.2968
354190160,ELBLAG-MILEJEWO,6,28.2,21.7,5.7,12.8,17.0,2.8,42.2,11.9,340.4,10,2.7,995.3,65.3,170.43456,128.23,196.53,92.2968
354190160,ELBLAG-MILEJEWO,7,28.2,22.0,10.1,13.3,17.1,7.8,85.3,13.1,286.0,20,2.9,989.7,74.4,170.43456,128.23,196.53,92.2968
354190160,ELBLAG-MILEJEWO,8,32.0,22.7,9.4,15.3,18.5,8.1,116.5,25.1,209.0,18,3.3,990.7,78.4,170.43456,128.23,196.53,92.2968
354190160,ELBLAG-MILEJEWO,9,26.7,22.1,8.7,13.6,17.5,6.3,25.7,7.2,276.7,11,3.1,996.9,75.7,170.43456,128.23,196.53,92.2968
354190160,ELBLAG-MILEJEWO,10,23.6,12.2,0.4,6.2,8.8,-0.7,62.0,9.3,100.0,23,4.5,987.1,0.0,170.43456,128.23,196.53,92.2968
354190160,ELBLAG-MILEJEWO,11,13.5,4.9,-9.9,0.6,2.6,-13.4,119.3,29.2,52.0,11,4.2,981.6,88.4,170.43456,128.23,196.53,92.2968
354190160,ELBLAG-MILEJEWO,12,7.9,2.2,-8.4,-1.2,0.5,-12.9,70.1,13.7,18.2,15,4.9,985.5,91.8,170.43456,128.23,196.53,92.2968
354210185,KETRZYN,1,15.5,3.4,-6.4,0.2,1.7,-5.7,43.9,12.5,12.6,10,4.3,1000.8,89.4,97.586784,65.3,127.68,92.2772
354210185,KETRZYN,2,8.4,3.7,-8.4,-1.6,0.8,-11.1,40.2,15.3,76.5,5,4.0,1005.8,83.4,97.586784,65.3,127.68,92.2772
354210185,KETRZYN,3,16.5,7.3,-6.3,-0.3,3.1,-10.0,42.6,8.5,114.2,9,4.0,994.3,78.6,97.586784,65.3,127.68,92.2772
354210185,KETRZYN,4,22.6,13.3,-4.5,3.5,8.1,-6.6,17.8,5.0,172.6,10,3.0,1003.5,71.9,97.586784,65.3,127.68,92.2772
354210185,KETRZYN,5,25.3,19.2,-0.9,6.2,13.1,-4.3,4.3,3.1,311.0,6,2.7,1009.2,56.1,97.586784,65.3,127.68,92.2772
354210185,KETRZYN,6,31.2,24.2,0.9,10.8,17.8,-1.8,57.2,26.8,0.0,12,0.0,1003.8,65.0,97.586784,65.3,127.68,92.2772
354210185,KETRZYN,7,35.0,24.6,9.5,12.9,18.3,7.1,61.2,25.3,246.9,21,2.8,998.5,71.6,97.586784,65.3,127.68,92.2772
354210185,KETRZYN,8,35.5,26.3,9.9,15.5,20.2,7.6,64.3,17.7,194.3,13,3.1,0.0,0.0,97.586784,65.3,127.68,92.2772
354210185,KETRZYN,9,29.8,24.4,6.1,12.5,18.0,4.6,19.7,8.2,265.7,6,2.7,1006.1,74.0,97.586784,65.3,127.68,92.2772
354210185,KETRZYN,10,25.0,13.0,1.2,6.2,9.3,-0.9,93.5,18.6,80.7,19,4.1,996.3,84.9,97.586784,65.3,127.68,92.2772
354210185,KETRZYN,11,13.5,5.6,-12.1,-0.1,2.6,-16.6,51.9,12.9,60.4,10,3.8,991.3,87.3,97.586784,65.3,127.68,92.2772
354210185,KETRZYN,12,8.3,2.7,-7.3,-0.8,1.0,-10.9,40.1,8.3,19.7,11,4.6,994.9,91.0,97.586784,65.3,127.68,92.2772
354220195,SUWALKI,1,13.7,2.6,-9.8,-0.7,0.8,-9.0,56.3,10.1,6.6,8,3.6,992.0,91.9,178.84837,142.97,203.01,81.3672
354220195,SUWALKI,2,7.1,2.0,-11.3,-2.8,-0.4,-14.4,36.7,12.1,45.3,4,3.6,995.8,85.3,178.84837,142.97,203.01,81.3672
354220195,SUWALKI,3,16.1,6.8,-11.6,-1.5,2.5,-18.2,40.4,10.1,108.0,9,3.5,985.2,78.0,178.84837,142.97,203.01,81.3672
354220195,SUWALKI,4,22.1,12.6,-4.9,3.0,7.8,-8.5,34.6,9.5,153.4,10,3.0,994.4,71.3,178.84837,142.97,203.01,81.3672
354220195,SUWALKI,5,24.7,18.2,-2.2,4.8,12.2,-5.7,22.2,10.8,290.7,5,2.4,1000.4,56.8,178.84837,142.97,203.01,81.3672
354220195,SUWALKI,6,29.2,22.9,0.4,10.6,17.0,-2.8,56.1,16.3,274.4,10,2.5,994.8,64.8,178.84837,142.97,203.01,81.3672
354220195,SUWALKI,7,33.4,24.0,7.4,12.1,18.0,4.5,21.9,4.2,234.7,16,2.6,989.8,67.7,178.84837,142.97,203.01,81.3672
354220195,SUWALKI,8,33.0,25.8,8.4,14.7,19.8,5.9,88.8,23.2,184.1,15,2.6,991.3,72.6,178.84837,142.97,203.01,81.3672
354220195,SUWALKI,9,28.3,23.5,5.0,10.8,16.9,1.5,7.4,2.3,251.3,4,2.2,997.8,74.4,178.84837,142.97,203.01,81.3672
354220195,SUWALKI,10,23.6,12.0,-0.9,5.0,8.2,-3.3,98.3,25.9,69.8,19,3.8,987.4,86.4,178.84837,142.97,203.01,81.3672
354220195,SUWALKI,11,13.3,4.3,-11.9,-0.5,1.7,-14.5,45.8,18.5,22.3,8,3.2,982.6,86.7,178.84837,142.97,203.01,81.3672
354220195,SUWALKI,12,7.5,1.8,-8.8,-1.4,0.3,-16.8,54.9,6.7,2.9,11,4.1,985.6,91.9,178.84837,142.97,203.01,81.3672
